Label 1,Label 2,Label 3,Longitude,Latitude
"Fire Safety Director - F58,EAP Inspection - F59,Violation of Park Rules",-73.975565130398053,40.762817276118746
"Indoor Air Quality,Violation of Park Rules,Traffic Signal Condition",-73.904291771761066,40.746430352366481
"Indoor Sewage,Street Condition,ELECTRIC",-73.945709785220217,40.639173241318993
"PLUMBING,Harboring Bees/Wasps,Elevator",-73.885896655209834,40.841189601441513
"Derelict Vehicles,Building/Use,UNSANITARY CONDITION",-73.784376891258233,40.692660171219131
"Sanitation Condition,DPR Internal,Traffic",-74.132787860715979,40.598543757770095
"Noise - Commercial,Noise - Street/Sidewalk,Illegal Tree Damage",-73.961921725632195,40.679892781294505
"Overgrown Tree/Branches,Construction,School Maintenance",-73.789417105108555,40.757637677174934
"Public Payphone Complaint,Broken Parking Meter,Broken Muni Meter",-74.02390093861986,40.624670277828919
"Emergency Response Team (ERT),BEST/Site Safety,Building/Use",-73.831450616042034,40.690618857606545
"ELECTRIC,Indoor Sewage,PAINT/PLASTER",-73.792124024868201,40.592708995135048
"Noise - Helicopter,DOF Parking - Tax Exemption,Bike/Roller/Skate Chronic",-73.973173408270512,40.787872394787485
"Dirty Conditions,Electrical,Fire Alarm - Reinspection",-73.887060552056127,40.645091921539354
"EAP Inspection - F59,Broken Muni Meter,Traffic",-73.997244480724689,40.718537569711067
"DOOR/WINDOW,PLUMBING,PAINT/PLASTER",-73.941911524230363,40.835553749328724
"Water System,Request Xmas Tree Collection,Snow",-74.217678551032918,40.534446438929066
"Bridge Condition,Highway Condition,Violation of Park Rules",-73.827147227812262,40.859625607423673
"ELECTRIC,Building/Use,Other Enforcement",-73.909059309445865,40.707474233246394
"Violation of Park Rules,HEAT/HOT WATER,Water System",-73.879722032611767,40.877708433331527
"Noise - House of Worship,Unleashed Dog,Construction",-73.863385031801911,40.758532156371587
"School Maintenance,Broken Parking Meter,Building/Use",-73.99983955750524,40.60747879849233
"Smoking,Street Sign - Dangling,Derelict Vehicle",-73.965257689693942,40.589879278046986
"Construction,Dead Tree,Root/Sewer/Sidewalk Condition",-73.714231549798441,40.735050751391327
"Water Conservation,Unleashed Dog,Poison Ivy",-74.080642869814255,40.623655995420094
"Maintenance or Facility,Sanitation Condition,Street Sign - Dangling",-73.760289626167605,40.694182177642062
"Noise - Park,School Maintenance,Street Light Condition",-73.942118730629744,40.657151972327775
"Highway Condition,Water System,Construction",-73.853245057883285,40.737189959073611
"Derelict Bicycle,Taxi Complaint,Litter Basket / Request",-73.982394657456183,40.728292906503484
"PAINT/PLASTER,PLUMBING,WATER LEAK",-73.912893713296256,40.852948414062922
"Special Projects Inspection Team (SPIT),Street Light Condition,Traffic Signal Condition",-73.993290031874977,40.66395567687163
"Construction,Damaged Tree,Illegal Tree Damage",-73.822065790481233,40.784444190448568
"Industrial Waste,Mold,Request Xmas Tree Collection",-74.186495527261755,40.594299566018222
"ELECTRIC,GENERAL,Derelict Vehicles",-73.880678577347695,40.674066648504656
"Construction,Broken Parking Meter,Noise - House of Worship",-73.914594813005664,40.761165018968228
"Urinating in Public,DPR Internal,Noise - Park",-73.942366141568783,40.809587276270953
"FLOORING/STAIRS,Indoor Sewage,Vacant Lot",-73.860933158793657,40.877859002129092
"Curb Condition,PAINT/PLASTER,Noise - House of Worship",-73.850965349967495,40.840274147919239
"Noise - House of Worship,Water Conservation,Derelict Vehicle",-73.765247929942859,40.712573988479896
"Special Projects Inspection Team (SPIT),Derelict Bicycle,Indoor Air Quality",-73.957420263727272,40.713966923908359
"Special Enforcement,Traffic,Construction",-73.939558755680451,40.748000940586486
"Violation of Park Rules,DPR Internal,Consumer Complaint",-73.918553505338949,40.811937881349927
"Traffic,Public Payphone Complaint,Homeless Encampment",-73.993211973331469,40.759507515146431
"Vending,Noise - Helicopter,Special Projects Inspection Team (SPIT)",-73.995927651533933,40.729169720830512
"DOF Parking - Tax Exemption,Homeless Encampment,Plumbing",-73.949937782707792,40.774863590853222
"Electrical,Special Enforcement,Construction",-73.854229008890329,40.575021247844994
"Vacant Lot,SAFETY,UNSANITARY CONDITION",-73.921994907934774,40.678814283608297
"Mold,DPR Internal,Root/Sewer/Sidewalk Condition",-74.099934205640452,40.571640330446257
"Street Sign - Dangling,Disorderly Youth,Snow",-73.750167879174086,40.602202090186566
"For Hire Vehicle Complaint,Cranes and Derricks,Street Condition",-73.983249935549026,40.690030800907884
"Snow,Unleashed Dog,UNSANITARY CONDITION",-73.811784042251205,40.72282811690382
"Street Condition,Construction,Violation of Park Rules",-73.821506604925517,40.75748063567989
"Construction,Dead Tree,Damaged Tree",-73.731046540023002,40.757246716193976
"Derelict Vehicle,Water System,Derelict Vehicles",-73.928742113686695,40.613491532686275
"Damaged Tree,UNSANITARY CONDITION,Other Enforcement",-73.956578547452253,40.614561382257286
"Street Condition,Derelict Vehicle,Root/Sewer/Sidewalk Condition",-73.739948393661777,40.658239213379062
"Derelict Vehicle,Sanitation Condition,Building/Use",-73.858589487929919,40.67906758142145
"Unleashed Dog,Derelict Vehicle,Derelict Vehicles",-74.132336362400267,40.633564306991346
"Violation of Park Rules,Snow,Boilers",-73.86460656357751,40.857659786474763
"Traffic Signal Condition,Water Quality,Street Condition",-73.990934867610619,40.596292877052306
"Smoking,PLUMBING,PAINT/PLASTER",-73.899762136986411,40.859925635324679
"Derelict Vehicle,Street Light Condition,Unleashed Dog",-73.817168235358807,40.82116956494675
"PAINT/PLASTER,DOOR/WINDOW,Bridge Condition",-73.920850875179752,40.844869196707286
"Overflowing Litter Baskets,Building/Use,Unleashed Dog",-73.975756560481969,40.64693906606756
"Overgrown Tree/Branches,Dead Tree,Illegal Parking",-73.877928613260195,40.708966596653219
"Taxi Report,Taxi Complaint,For Hire Vehicle Complaint",-73.788339596296325,40.648173630929833
"Overgrown Tree/Branches,Building/Use,Dead Tree",-73.814754923548918,40.673130721127102
"Investigations and Discipline (IAD),SAFETY,Dirty Conditions",-73.939412923689218,40.685388805770565
"Disorderly Youth,Derelict Vehicle,Missed Collection (All Materials)",-74.149213602414761,40.541326849010765
"Traffic Signal Condition,Street Condition,Electrical",-73.992271389417184,40.640203557696566
"Special Projects Inspection Team (SPIT),Noise - Park,Derelict Bicycle",-73.954054187737597,40.727643159863263
"DPR Internal,Traffic,Broken Muni Meter",-74.000863995837634,40.747182511147848
"Highway Condition,Disorderly Youth,Boilers",-73.899873930824896,40.884876841831165
"Homeless Person Assistance,Broken Muni Meter,EAP Inspection - F59",-73.980679161534184,40.742309993423262
"Special Enforcement,Blocked Driveway,Overgrown Tree/Branches",-73.869695734118949,40.730694859871313
"PAINT/PLASTER,HEAT/HOT WATER,Noise - Park",-73.877313495047346,40.827200997263013
"Recycling Enforcement,Construction,Street Sign - Damaged",-73.883927285578324,40.738864209564696
"Graffiti,Vending,Special Projects Inspection Team (SPIT)",-74.006936163512535,40.637496758301545
"Street Condition,Dirty Conditions,Beach/Pool/Sauna Complaint",-73.787318941814803,40.847622961467536
"Vending,For Hire Vehicle Complaint,EAP Inspection - F59",-74.013262958681366,40.706803749686784
"Street Condition,Sweeping/Missed,Industrial Waste",-73.898055524770228,40.632618563898248
"SAFETY,Special Projects Inspection Team (SPIT),Water System",-73.922812054688819,40.703011535938323
"DPR Internal,Animal Abuse,ELECTRIC",-73.906766381716096,40.659729797608584
"Plant,Drinking,Smoking",-73.831077617321768,40.581197261880511
"Street Sign - Damaged,Street Sign - Dangling,Unsanitary Animal Facility",-73.841450504698244,40.677705022351397
"Derelict Vehicles,School Maintenance,City Vehicle Placard Complaint",-73.833147928629643,40.881408232386825
"Construction,Damaged Tree,Noise - Park",-73.783112667782476,40.731547444902354
"Derelict Vehicle,Traffic Signal Condition,Animal Abuse",-73.736398569723875,40.695310348852544
"DOF Parking - Tax Exemption,Vending,Homeless Person Assistance",-73.982014298510236,40.778099595474195
"Disorderly Youth,Noise - House of Worship,Water Conservation",-73.948870343621877,40.823761334141558
"Elevator,ELECTRIC,APPLIANCE",-73.957682685125164,40.654587952343405
"Root/Sewer/Sidewalk Condition,Sidewalk Condition,Street Light Condition",-74.138278060694219,40.615127863915831
"Traffic,DPR Internal,Taxi Complaint",-74.005328957231768,40.726741704379393
"Tattooing,Consumer Complaint,Water System",-73.79823903350551,40.706617358108325
"Disorderly Youth,DOF Parking - Tax Exemption,Noise - Helicopter",-73.966250250376206,40.799383188751108
"Damaged Tree,Water System,Highway Condition",-73.73082200636928,40.732049812070493
"DPR Internal,Public Payphone Complaint,PLUMBING",-74.078472043551045,40.639646510920436
"Vacant Lot,Street Sign - Damaged,Sanitation Condition",-74.068101458470096,40.610946463534667
"Violation of Park Rules,Plumbing,Highway Condition",-73.892321886350089,40.760163282396832
"Elevator,APPLIANCE,ELECTRIC",-73.913793128778124,40.835411009459882
"Noise - Helicopter,Water System,Boilers",-73.927553373598826,40.864658969927717
"Bridge Condition,Broken Parking Meter,DOF Parking - Tax Exemption",-73.953427882937433,40.763576063457279
"Plant,Mold,Illegal Parking",-73.932306272291513,40.589485027692014
"Dirty Conditions,Building/Use,Street Sign - Damaged",-73.765293414495162,40.664503197195224
"Vacant Lot,Overgrown Tree/Branches,Street Light Condition",-74.191419176471314,40.531669534477892
"Derelict Bicycle,Lead,Snow",-73.995302965716718,40.681249544599233
"Traffic Signal Condition,Maintenance or Facility,Special Enforcement",-73.932632043084411,40.760040276296728
"Water System,UNSANITARY CONDITION,School Maintenance",-73.944509376127201,40.793168801782926
"Derelict Bicycle,Special Projects Inspection Team (SPIT),Root/Sewer/Sidewalk Condition",-73.983276979126501,40.669140626201674
"Sewer,Vacant Lot,Derelict Vehicles",-73.847865936349365,40.896764673588017
"Hazardous Materials,Street Sign - Dangling,Industrial Waste",-73.856744552110086,40.707849957729735
"Noise - Park,Overgrown Tree/Branches,Damaged Tree",-73.740692194853125,40.674633153208823
"Traffic Signal Condition,Root/Sewer/Sidewalk Condition,Consumer Complaint",-74.161226295004496,40.587668429768961
"Construction,Street Sign - Damaged,Street Condition",-73.771627065607646,40.759733223812169
"Fire Safety Director - F58,EAP Inspection - F59,Public Payphone Complaint",-73.983641532767905,40.75666135552688
"ELECTRIC,DOOR/WINDOW,SAFETY",-73.9055645568302,40.818499387297329
"Air Quality,Derelict Vehicle,Maintenance or Facility",-73.843882093449409,40.784562285588855
"DOOR/WINDOW,UNSANITARY CONDITION,Noise - House of Worship",-73.93855673562291,40.670013843067728
"Derelict Vehicles,Derelict Vehicle,Street Condition",-73.922774823201436,40.631351245807309
"Highway Condition,Blocked Driveway,Street Light Condition",-73.848846734523065,40.823106641741965
"Street Light Condition,WATER LEAK,Food Poisoning",-74.147348115628517,40.629290623948897
"Construction,Water Conservation,Vending",-73.862791243801183,40.748859837955109
"Traffic Signal Condition,Illegal Tree Damage,Damaged Tree",-73.969260821866314,40.613028182807106
"Overgrown Tree/Branches,Root/Sewer/Sidewalk Condition,Sewer",-74.122482483870641,40.56624758198501
"Overgrown Tree/Branches,Sewer,Request Xmas Tree Collection",-73.750952997664811,40.706542860588911
"Water System,DOF Property - Reduction Issue,Noise - Street/Sidewalk",-73.93197372750268,40.853927019840093
"Construction,Highway Condition,Traffic",-73.898247180294504,40.724329866270196
"DOOR/WINDOW,HEAT/HOT WATER,WATER LEAK",-73.904619688290808,40.847964638370669
"Construction,Dead Tree,Damaged Tree",-73.80692197729276,40.764354956891758
"Special Projects Inspection Team (SPIT),Broken Muni Meter,Food Establishment",-73.961782726189426,40.578479881943053
"Food Establishment,Root/Sewer/Sidewalk Condition,Derelict Vehicle",-73.782558016699653,40.777058690574485
"Highway Condition,Construction,Mold",-73.836810104782771,40.656958719192176
"Street Sign - Missing,Vacant Lot,Unleashed Dog",-73.764400517581649,40.598401248211651
"Street Condition,Highway Condition,Violation of Park Rules",-73.902450070819441,40.905413041902776
"Noise - Park,Noise - Helicopter,Bike/Roller/Skate Chronic",-73.992634958952223,40.69459402642557
"FLOORING/STAIRS,PAINT/PLASTER,Elevator",-73.918867635168652,40.661582346210778
"Street Condition,Street Light Condition,Beach/Pool/Sauna Complaint",-74.237930239270213,40.509416384590004
"Derelict Bicycle,Noise - Commercial,Lead",-73.944802662842278,40.708560708408179
"Recycling Enforcement,Damaged Tree,Overgrown Tree/Branches",-73.990669856034742,40.624699747965316
"Street Sign - Missing,Street Condition,DOF Property - Reduction Issue",-73.814001863550274,40.587374758449492
"PAINT/PLASTER,WATER LEAK,UNSANITARY CONDITION",-73.86531203595834,40.83695183425673
"Curb Condition,Highway Condition,Construction",-73.829863012933004,40.708851021027769
"Traffic Signal Condition,Special Enforcement,Drinking",-73.921851278574351,40.742293671242443
"DOOR/WINDOW,Street Light Condition,Snow",-73.954485749979028,40.666306303513203
"Unleashed Dog,Noise - Helicopter,Missed Collection (All Materials)",-74.113005909917973,40.632239284314991
"Curb Condition,Derelict Vehicles,Drinking",-73.813801230617301,40.705427948348309
"Derelict Vehicles,Sanitation Condition,Overgrown Tree/Branches",-73.940768485744869,40.624853918875402
"Investigations and Discipline (IAD),Litter Basket / Request,Electrical",-73.911559325824584,40.692093576454575
"Noise - Park,Posting Advertisement,Food Establishment",-73.942058568072099,40.603297466995571
"Noise - Park,Street Condition,Water System",-74.007280130141268,40.649111876063913
"Root/Sewer/Sidewalk Condition,Dirty Conditions,Sewer",-74.095820981203133,40.588977543671376
"Broken Muni Meter,Vending,DPR Internal",-73.986074782415272,40.767359665035343
"Vacant Lot,Water Quality,Illegal Parking",-74.164446940160047,40.557660755512089
"Plant,Violation of Park Rules,Public Payphone Complaint",-74.030144352776773,40.635851832967937
"Illegal Parking,DOOR/WINDOW,Water Conservation",-73.997309072576527,40.575123935267406
"Homeless Person Assistance,Fire Safety Director - F58,Taxi Complaint",-73.975141247972218,40.750113251663251
"Bridge Condition,Highway Condition,Violation of Park Rules",-73.937825341540886,40.723379125574986
"Violation of Park Rules,School Maintenance,PLUMBING",-73.887157049872911,40.853693860677346
"Construction,Traffic Signal Condition,Consumer Complaint",-73.891225753537697,40.746832780863578
"Street Light Condition,Vacant Lot,Noise - Park",-73.872511708030032,40.663361737528298
"Construction,Traffic,Street Light Condition",-73.909596183110239,40.561446296920749
"Construction,Street Light Condition,Highway Condition",-73.823051970129683,40.738527540970786
"Curb Condition,Street Sign - Damaged,Derelict Vehicle",-73.948457481635501,40.586064403711639
"Fire Safety Director - F58,Derelict Vehicle,DOF Property - Reduction Issue",-73.778559960671799,40.675047906490143
"Highway Condition,Derelict Vehicle,Overgrown Tree/Branches",-73.755043105941752,40.728704307712476
"Sweeping/Missed,School Maintenance,Overgrown Tree/Branches",-73.976684151114313,40.632228630870884
"Vacant Lot,Sanitation Condition,Poison Ivy",-74.16270089453873,40.630433642308397
"Traffic,Derelict Vehicle,Public Payphone Complaint",-73.786803027390775,40.709875846200326
"Bridge Condition,Special Projects Inspection Team (SPIT),Noise - Park",-73.969096261671694,40.712065732703252
"Highway Condition,Vacant Lot,Water Conservation",-73.891674069901029,40.678849489967192
"Bridge Condition,DPR Internal,Street Sign - Missing",-73.991867806384121,40.705908899529227
"Overflowing Litter Baskets,Boilers,Blocked Driveway",-73.91118648048483,40.77667498907779
"Blocked Driveway,Illegal Parking,Street Condition",-73.897339870860506,40.700754505040791
"Derelict Vehicles,Harboring Bees/Wasps,Animal in a Park",-74.091168182037762,40.639172517164411
"Overflowing Litter Baskets,Highway Condition,Unleashed Dog",-74.120621204825866,40.611613944235565
"Unleashed Dog,Dead Tree,Disorderly Youth",-73.845868470731531,40.866796773647316
"Derelict Vehicles,Sanitation Condition,Street Condition",-73.906505792502188,40.643786530741458
"Construction,Dead Tree,Damaged Tree",-73.74314627760667,40.770679845315904
"Derelict Vehicle,Sanitation Condition,Sewer",-73.762515408983703,40.678332928740559
"Construction,Consumer Complaint,Special Enforcement",-73.877836994622854,40.750970668911542
"Traffic Signal Condition,HEAT/HOT WATER,Asbestos",-73.925267339112139,40.688823221772779
"Senior Center Complaint,Street Light Condition,Unleashed Dog",-73.828487793110384,40.840544567772469
"Building/Use,Investigations and Discipline (IAD),Derelict Vehicle",-73.820778149222761,40.686966050762166
"Traffic Signal Condition,Curb Condition,Investigations and Discipline (IAD)",-74.006146734122595,40.624138732479388
"Bridge Condition,GENERAL,Maintenance or Facility",-73.938267250192155,40.822010107682104
"Construction,Noise - Helicopter,Recycling Enforcement",-73.806652568761407,40.78619578064044
"Derelict Vehicles,Derelict Vehicle,Construction",-73.802955365718049,40.69078334199363
"Root/Sewer/Sidewalk Condition,Construction,Building/Use",-73.862044278753871,40.691172280492196
"DOF Parking - Tax Exemption,Curb Condition,Found Property",-73.961479760005616,40.770450940412999
"Missed Collection (All Materials),Street Light Condition,Beach/Pool/Sauna Complaint",-74.204152732663999,40.549566054233971
"Fire Safety Director - F58,EAP Inspection - F59,Taxi Report",-73.989268982135599,40.748932363289974
"DOOR/WINDOW,SAFETY,UNSANITARY CONDITION",-73.861690599629938,40.89215594496283
"WATER LEAK,Illegal Tree Damage,Bridge Condition",-73.912374796329658,40.880402257960931
"PLUMBING,Special Projects Inspection Team (SPIT),PAINT/PLASTER",-73.986983824989608,40.718851356091783
"Animal Abuse,PAINT/PLASTER,DPR Internal",-73.889874335575769,40.818704186414791
"Taxi Complaint,Taxi Report,Sweeping/Missed",-73.876672349115722,40.767492694451157
"Highway Condition,Construction,Dead Tree",-73.75382366595953,40.748382474776122
"DPR Internal,Vacant Lot,DOF Property - Reduction Issue",-73.981974555726126,40.579268267624066
"Traffic,Mold,Sweeping/Missed",-74.010916684641487,40.609396306630941
"Street Light Condition,Indoor Sewage,Bus Stop Shelter Placement",-73.859207930260467,40.815822382141732
"Bridge Condition,DPR Internal,Highway Condition",-73.933410552370546,40.80058280531032
"DOF Parking - Tax Exemption,Vending,Overflowing Litter Baskets",-73.953522081047112,40.781980765513161
"Special Enforcement,Noise - Park,Construction",-73.95363553143612,40.743193100747398
"DOF Parking - Tax Exemption,Fire Safety Director - F58,For Hire Vehicle Complaint",-74.00977997051325,40.716394744894451
"BEST/Site Safety,Graffiti,Sidewalk Condition",-73.95217058091356,40.691803915590121
"Overgrown Tree/Branches,Derelict Vehicle,Traffic",-74.162826959183519,40.613024245198233
"Disorderly Youth,DPR Internal,Missed Collection (All Materials)",-74.07217041920228,40.593018164941789
"Derelict Vehicles,Curb Condition,SAFETY",-73.975752775214318,40.598018602868855
"PLUMBING,Elevator,Water System",-73.924630110970867,40.830972670893694
"ELECTRIC,FLOORING/STAIRS,PLUMBING",-73.928927650857105,40.666852488452712
"Violation of Park Rules,Urinating in Public,GENERAL",-73.954377196955079,40.807059579567849
"PAINT/PLASTER,Public Payphone Complaint,Graffiti",-74.033423842750878,40.617918961111577
"UNSANITARY CONDITION,GENERAL,WATER LEAK",-73.958903411642595,40.643493809983354
"Unleashed Dog,Snow,School Maintenance",-74.180130709198338,40.550721593747873
"Noise,Water Quality,Street Light Condition",-73.711164743293551,40.746789228077262
"Graffiti,Curb Condition,Water System",-74.018393752157706,40.639530416471381
"Construction,Blocked Driveway,Street Sign - Damaged",-73.923935702820629,40.77030772999781
"DOOR/WINDOW,PAINT/PLASTER,DPR Internal",-73.937686028879696,40.845721645200321
"Smoking,Overgrown Tree/Branches,Damaged Tree",-73.98363089703993,40.611369406616895
"WATER LEAK,Noise - Commercial,PAINT/PLASTER",-73.919492188649627,40.866797909945348
"Derelict Bicycle,DPR Internal,Noise - Helicopter",-74.003773253975666,40.737846265139304
"Construction,DPR Internal,Non-Residential Heat",-73.832596139492082,40.75888605333175
"Construction,Blocked Driveway,Root/Sewer/Sidewalk Condition",-73.800949073960581,40.734906836046186
"Street Sign - Damaged,Air Quality,Special Enforcement",-73.856082490618434,40.725589810085708
"WATER LEAK,Vacant Lot,SAFETY",-73.892486205006705,40.663693117511023
"Highway Condition,Noise - Park,Street Light Condition",-74.091052842100353,40.608274867537332
"SAFETY,Vacant Lot,Street Light Condition",-73.909499714949987,40.67709056976738
"UNSANITARY CONDITION,PAINT/PLASTER,Derelict Vehicles",-73.741564534919746,40.71788838951975
"Derelict Bicycle,Noise - Park,Noise - Commercial",-73.968875344023772,40.691639683629901
"Curb Condition,Special Projects Inspection Team (SPIT),Indoor Air Quality",-73.964548595542084,40.631323012155526
"Street Condition,Water Conservation,Curb Condition",-73.844364238068636,40.693742265333654
"Highway Condition,Derelict Vehicle,Sidewalk Condition",-73.908731015741594,40.610125097545591
"Unleashed Dog,Poison Ivy,Mold",-74.145348671031272,40.559155463193115
"Broken Parking Meter,Broken Muni Meter,Street Condition",-73.844530530032884,40.721161422863517
"Street Sign - Missing,Request Xmas Tree Collection,Street Condition",-74.166165879281692,40.537163343517854
"Sidewalk Condition,Air Quality,Street Sign - Damaged",-74.008768016279134,40.67731561713039
"DOF Parking - Tax Exemption,Taxi Report,Bike/Roller/Skate Chronic",-73.966185433769098,40.759169472105569
"Noise - Helicopter,Animal Abuse,Homeless Person Assistance",-73.990696079569844,40.737334543862055
"Elevator,PLUMBING,UNSANITARY CONDITION",-73.902930978369483,40.871754954119197
"Plant,Highway Condition,Construction",-73.897743706224773,40.771888112198177
"Indoor Air Quality,HEAT/HOT WATER,Construction",-73.851189340678829,40.664817265750237
"EAP Inspection - F59,Fire Safety Director - F58,Vending",-74.006017489819513,40.708719825157559
"Construction,Highway Condition,Derelict Vehicle",-73.796331660045524,40.675608326869039
"PAINT/PLASTER,Water System,Mold",-73.94948779390252,40.678066497422101
"DOOR/WINDOW,WATER LEAK,ELECTRIC",-73.89789067531602,40.830751555263546
"Homeless Encampment,Traffic Signal Condition,Sidewalk Condition",-73.935135131244465,40.698985505889368
"Consumer Complaint,DOF Property - Reduction Issue,Street Condition",-73.927286134981756,40.650525603910367
"Curb Condition,Illegal Tree Damage,Snow",-73.955505276421448,40.60092462858541
"Derelict Bicycle,FLOORING/STAIRS,Water System",-73.975082195280947,40.677639483884825
"Water Conservation,Drinking,SAFETY",-73.872801488798714,40.682041839337238
"Water Conservation,Curb Condition,APPLIANCE",-73.890337067291341,40.867634119462799
