Label 1,Label 2,Label 3,Longitude,Latitude
"Derelict Vehicles,Derelict Vehicle,Noise - Commercial",-73.927939686293414,40.623755861297212
"Collection Truck Noise,Homeless Person Assistance,Drinking",-73.9616285721239,40.802725405129003
"Sewer,Non-Residential Heat,Collection Truck Noise",-73.734492976276499,40.683050843249916
"Highway Condition,Sanitation Condition,Request Xmas Tree Collection",-74.085542143077234,40.605768732128652
"Water System,Noise - Street/Sidewalk,Noise - Commercial",-73.909030074417672,40.856448433102344
"Noise - Vehicle,Highway Condition,Indoor Air Quality",-73.952856451304456,40.710271105445408
"Illegal Parking,Sewer,Construction",-73.809498660558404,40.668967683579147
"Air Quality,Noise,Noise - Vehicle",-73.842153080573851,40.784301091703099
"DPR Internal,Homeless Person Assistance,Noise - Commercial",-73.992199512373659,40.761819142898815
"Noise - Park,Homeless Encampment,Noise - Helicopter",-74.011853804836292,40.647607486457645
"Sewer,Overgrown Tree/Branches,Derelict Vehicles",-74.148976621793238,40.551171824334851
"Blocked Driveway,Illegal Parking,Street Sign - Dangling",-73.892679573341724,40.703862909054976
"Illegal Parking,Fire Alarm - Reinspection,Gas Station Discharge Lines",-73.83608377226831,40.861018460552621
"Bridge Condition,For Hire Vehicle Complaint,Street Sign - Damaged",-73.992264194173202,40.705288129183984
"Smoking,APPLIANCE,PAINT/PLASTER",-73.818476668073941,40.730443860765689
"Drinking,Noise - Park,HEAT/HOT WATER",-73.918557055316441,40.772149878014503
"Building/Use,FLOORING/STAIRS,Street Sign - Missing",-73.784774369950057,40.592227052673564
"Noise - Commercial,Homeless Encampment,Collection Truck Noise",-73.972378775577667,40.633131998612058
"Dirty Conditions,Smoking,Boilers",-73.876755090332438,40.826439998864814
"Highway Condition,Collection Truck Noise,Bus Stop Shelter Placement",-74.222872577285472,40.523687885451388
"Maintenance or Facility,Illegal Parking,Noise - Park",-73.942849697781668,40.686109127989511
"Sewer,Blocked Driveway,Illegal Parking",-73.993564430150712,40.599768365343827
"Sanitation Condition,Smoking,Construction",-73.838528767575923,40.700618655243893
"SAFETY,Sewer,Blocked Driveway",-73.792765799648151,40.692034359129643
"HEAT/HOT WATER,Noise - Helicopter,Noise - Street/Sidewalk",-73.944776415294342,40.829948769688592
"Homeless Encampment,ELECTRIC,Derelict Bicycle",-73.986081368090041,40.73213406883616
"Collection Truck Noise,City Vehicle Placard Complaint,Sewer",-73.762540611862192,40.743469574644188
"Blocked Driveway,Derelict Vehicles,Urinating in Public",-73.863870102513616,40.744797805639557
"Overflowing Litter Baskets,Street Sign - Damaged,Sewer",-74.130887634284093,40.613909706462671
"Noise - House of Worship,Illegal Parking,Water System",-73.872905170416487,40.679041487141177
"Derelict Bicycle,Noise - Helicopter,Homeless Person Assistance",-73.984482245233906,40.669804681345006
"Collection Truck Noise,Vending,Derelict Bicycle",-73.951800121504391,40.778481428522312
"DOOR/WINDOW,Illegal Parking,Recycling Enforcement",-73.856678030373629,40.899600883885697
"Dirty Conditions,DOOR/WINDOW,UNSANITARY CONDITION",-73.927124631676719,40.83105735588741
"Dirty Conditions,Overgrown Tree/Branches,Damaged Tree",-73.715905408864089,40.735738977207667
"Street Sign - Missing,Street Sign - Dangling,Street Sign - Damaged",-73.752538522229884,40.605402367757215
"Curb Condition,Dead Tree,Overgrown Tree/Branches",-73.856755930677309,40.574216006683713
"Food Establishment,Broken Parking Meter,Noise - Vehicle",-73.966923204933423,40.577531440496799
"Collection Truck Noise,Illegal Tree Damage,Lead",-73.805413090086986,40.792630567334427
"Posting Advertisement,Street Light Condition,Beach/Pool/Sauna Complaint",-73.787274669236922,40.845879722018445
"WATER LEAK,Noise,Blocked Driveway",-73.916680578596058,40.66046254557105
"Highway Condition,Indoor Air Quality,Illegal Parking",-74.026128069971676,40.625316115559137
"Highway Condition,Boilers,Maintenance or Facility",-73.88690956154079,40.884485979057857
"Other Enforcement,Blocked Driveway,Noise - Vehicle",-73.893770671962514,40.747490900455375
"Bridge Condition,Highway Condition,Blocked Driveway",-73.9269582096737,40.731242924027782
"School Maintenance,Dirty Conditions,City Vehicle Placard Complaint",-73.91429659069766,40.697867319409987
"Homeless Person Assistance,Bridge Condition,Maintenance or Facility",-73.937517065490809,40.80791895529314
"Noise - Street/Sidewalk,WATER LEAK,ELECTRIC",-73.96010942457599,40.652365232607139
"Indoor Air Quality,Noise - Helicopter,Collection Truck Noise",-73.976315861450729,40.786423857191068
"Traffic,ELEVATOR,Elevator",-73.791061785157495,40.708928575061904
"Noise - Street/Sidewalk,Noise - Helicopter,Water System",-73.92877468407201,40.857596786823116
"Derelict Vehicle,Derelict Vehicles,Sewer",-73.740038265513363,40.711459152471768
"Dead Tree,Maintenance or Facility,Illegal Parking",-73.950890084675152,40.599012119973295
"Traffic Signal Condition,Dirty Conditions,UNSANITARY CONDITION",-74.116948265561874,40.634772179085118
"Food Establishment,Taxi Complaint,Blocked Driveway",-73.82774740240572,40.761902600991128
"Noise - Helicopter,Noise,General Construction/Plumbing",-73.969070351753103,40.678413226301345
"Highway Condition,Noise,HEAT/HOT WATER",-73.823577594629171,40.827819911095766
"Traffic Signal Condition,BEST/Site Safety,Broken Muni Meter",-73.94060067711554,40.746578167204184
"Boilers,Public Payphone Complaint,Blocked Driveway",-73.866050606134394,40.855490489837585
"EAP Inspection - F59,DPR Internal,Illegal Parking",-73.999643726847879,40.747467238954066
"Collection Truck Noise,Street Sign - Missing,Drinking Water",-74.081955865226973,40.640353952016198
"Homeless Person Assistance,Homeless Encampment,Fire Alarm - Reinspection",-73.976461413069984,40.752360159432421
"Sewer,Illegal Fireworks,Derelict Vehicles",-73.754780481749407,40.668797268405093
"Blocked Driveway,APPLIANCE,Vacant Lot",-73.842271503242074,40.886215244863905
"DPR Internal,Taxi Complaint,Asbestos",-74.003043016207002,40.729593333241347
"Blocked Driveway,Illegal Parking,Animal Facility - No Permit",-74.097980307789513,40.57060483115621
"Drinking,PAINT/PLASTER,HEAT/HOT WATER",-73.906192531686401,40.835848990162184
"Damaged Tree,SAFETY,Sidewalk Condition",-73.994375630698272,40.623592308268378
"Street Condition,Rodent,Snow",-73.837032027137369,40.666034800471543
"Plant,Drinking,Mold",-73.830144932782162,40.58143458134078
"Food Establishment,Water Conservation,Vacant Lot",-74.211848309496204,40.546020862336995
"Illegal Parking,Overgrown Tree/Branches,Sanitation Condition",-74.171836130227277,40.549744672289371
"Dirty Conditions,Collection Truck Noise,Noise - Vehicle",-73.928820890828206,40.654772823438208
"Derelict Vehicles,Harboring Bees/Wasps,Derelict Vehicle",-73.908870469707836,40.61735956081646
"Snow,Collection Truck Noise,ELEVATOR",-73.785341345241221,40.750619422604721
"Litter Basket / Request,Drinking,City Vehicle Placard Complaint",-73.903591967177832,40.879490388607124
"Snow,Dirty Conditions,School Maintenance",-74.155948591828974,40.588185422087832
"Maintenance or Facility,Illegal Parking,Bridge Condition",-73.954720996407914,40.745486362129881
"Derelict Vehicles,Overflowing Litter Baskets,Air Quality",-73.873033895463266,40.758521394716439
"Water System,Traffic Signal Condition,Harboring Bees/Wasps",-73.894578556792581,40.821137042213536
"Noise - Street/Sidewalk,Traffic Signal Condition,APPLIANCE",-73.891553539654637,40.670930267056832
"Fire Safety Director - F58,Bike/Roller/Skate Chronic,Derelict Bicycle",-73.974581137258738,40.761847998124118
"Smoking,Homeless Encampment,Drinking",-73.811606040302408,40.698167282410317
"Street Sign - Damaged,Street Sign - Dangling,EAP Inspection - F59",-74.008368290138918,40.707398435319334
"Water Quality,Homeless Person Assistance,Animal Abuse",-73.933398905841827,40.695029752808786
"Industrial Waste,Collection Truck Noise,Illegal Fireworks",-73.843550938681716,40.721203178139703
"Illegal Animal Kept as Pet,Non-Residential Heat,Overgrown Tree/Branches",-73.845053302674444,40.820039024618133
"Sweeping/Missed,Municipal Parking Facility,Street Sign - Damaged",-73.901451637952931,40.647716174910023
"Emergency Response Team (ERT),BEST/Site Safety,Blocked Driveway",-73.830615131651044,40.691201478327358
"Bridge Condition,Taxi Complaint,BEST/Site Safety",-73.968448928493459,40.711656685412187
"Highway Condition,Noise - Helicopter,Hazardous Materials",-74.165064605573136,40.613446619855615
"Noise,Air Quality,Noise - Vehicle",-73.93787316716957,40.717671900250991
"Derelict Vehicles,Noise - Commercial,Blocked Driveway",-73.94712863151689,40.647496553415387
"School Maintenance,UNSANITARY CONDITION,Derelict Vehicles",-73.931195622023836,40.59159996735935
"Dirty Conditions,Snow,Street Sign - Damaged",-73.763743069613412,40.683889401895414
"Fire Safety Director - F58,Noise,Noise - Helicopter",-73.982756914517694,40.687263649894213
"ELECTRIC,PLUMBING,APPLIANCE",-73.93599248373809,40.66931492393006
"School Maintenance,Blocked Driveway,Animal in a Park",-73.888188718835352,40.851759585318696
"Collection Truck Noise,Noise - Street/Sidewalk,Noise - Helicopter",-73.935990097480826,40.850939571020369
"For Hire Vehicle Complaint,Taxi Complaint,Highway Condition",-73.78975871659874,40.648121892418331
"Drinking,Taxi Report,Other Enforcement",-73.774708652214315,40.764248959470272
"Blocked Driveway,DOOR/WINDOW,Collection Truck Noise",-73.925605443257083,40.686026262143422
"Non-Residential Heat,Collection Truck Noise,Sanitation Condition",-74.012595820819655,40.675947786311191
"Traffic Signal Condition,Industrial Waste,Poison Ivy",-73.86229518186822,40.837219947756296
"Traffic,Street Condition,Sanitation Condition",-74.010437565612122,40.611759656102258
"Homeless Encampment,Homeless Person Assistance,Noise - Street/Sidewalk",-73.946888926386734,40.804508926635307
"Blocked Driveway,Animal Abuse,Derelict Vehicle",-73.857513246555925,40.677272199979264
"Blocked Driveway,WATER LEAK,Highway Condition",-73.886605894922781,40.766216420935663
"UNSANITARY CONDITION,Collection Truck Noise,Dirty Conditions",-73.908978344679724,40.814390227172808
"Overflowing Litter Baskets,Blocked Driveway,Litter Basket / Request",-73.861293096963792,40.868277385148993
"Noise - Street/Sidewalk,Noise - House of Worship,Taxi Complaint",-73.940903664430351,40.818877379205539
"Derelict Vehicle,Water Conservation,Overflowing Litter Baskets",-74.111804476910521,40.611880600221902
"Collection Truck Noise,Recycling Enforcement,Sewer",-73.863617730001209,40.724719545082834
"Street Sign - Damaged,Illegal Parking,Sanitation Condition",-73.903959087811586,40.719800071400471
"Noise - Helicopter,Overflowing Litter Baskets,Collection Truck Noise",-73.969279220814641,40.79565578595205
"Snow,Industrial Waste,Overgrown Tree/Branches",-74.121531586070688,40.573461721555709
"Noise - Vehicle,Sewer,Sweeping/Missed",-73.947858152096813,40.662863880535411
"Noise - Street/Sidewalk,Noise - Vehicle,Noise - Helicopter",-73.923648366331491,40.866663998951687
"Traffic Signal Condition,Overflowing Litter Baskets,Illegal Parking",-73.988697617174395,40.638038295219793
"Homeless Encampment,Illegal Tree Damage,Dirty Conditions",-73.975012031363434,40.608928827876568
"Dirty Conditions,Collection Truck Noise,Maintenance or Facility",-73.907359745277134,40.902440194229889
"Found Property,Industrial Waste,Illegal Parking",-73.90208404397417,40.694591944328295
"Consumer Complaint,Blocked Driveway,School Maintenance",-73.830199798038819,40.84423297679561
"Noise - House of Worship,Curb Condition,Building/Use",-73.764968411968695,40.713772892592424
"Public Payphone Complaint,Vending,Fire Alarm - Reinspection",-73.986679473969104,40.576785743775865
"Building/Use,Food Poisoning,ELECTRIC",-73.884665987906516,40.659339399174343
"Plant,Sewer,Special Projects Inspection Team (SPIT)",-74.026945365158014,40.638071462833288
"Derelict Bicycle,Street Sign - Missing,Dirty Conditions",-73.996239838899186,40.67816421781481
"Poison Ivy,Street Sign - Damaged,Damaged Tree",-73.742257749838998,40.762234837032466
"Overgrown Tree/Branches,Snow,Food Establishment",-74.139360451738241,40.629480142058355
"Overgrown Tree/Branches,Derelict Vehicles,Illegal Tree Damage",-74.099413279840718,40.635787757798226
"Collection Truck Noise,Non-Residential Heat,Building/Use",-73.823388259886727,40.712734750329886
"Homeless Encampment,Recycling Enforcement,Homeless Person Assistance",-73.961769418646199,40.771879093242866
"Construction,Sewer,Vacant Lot",-73.790627402110587,40.677008160078614
"Recycling Enforcement,Street Sign - Damaged,Derelict Vehicles",-73.732819778352194,40.72596968191025
"Derelict Vehicles,Drinking,Traffic Signal Condition",-73.928770442591471,40.755560636492454
"Blocked Driveway,Illegal Parking,Noise - Vehicle",-73.859728778032732,40.689847054272242
"Traffic Signal Condition,Sewer,Animal in a Park",-73.911526507844968,40.674738083116708
"Drinking,Bike/Roller/Skate Chronic,Water Quality",-73.936988249816793,40.796171141864242
"Noise - Street/Sidewalk,Noise - Vehicle,UNSANITARY CONDITION",-73.91651134148286,40.84544026122245
"Derelict Vehicles,Derelict Vehicle,WATER LEAK",-73.940854148971752,40.628305499503568
"Noise - Helicopter,Noise - Street/Sidewalk,Drinking",-73.956346884713952,40.812226274194046
"Noise - Helicopter,EAP Inspection - F59,Vending",-73.995940797319946,40.713634051461263
"Noise - Park,PAINT/PLASTER,Noise",-73.956456730838653,40.689398221128471
"Illegal Parking,Blocked Driveway,UNSANITARY CONDITION",-73.806324812373632,40.75872153290517
"Asbestos,Collection Truck Noise,Homeless Encampment",-73.981597131876939,40.777314151621496
"Found Property,Noise - Street/Sidewalk,Illegal Fireworks",-73.990522425137797,40.723737652175444
"Drinking,Senior Center Complaint,Other Enforcement",-73.960909121402963,40.599411811178477
"Bridge Condition,Blocked Driveway,Noise - Helicopter",-73.945624445357694,40.757421745018014
"Industrial Waste,Maintenance or Facility,Derelict Vehicles",-73.828858138222813,40.74717378498724
"Noise - Vehicle,Drinking,Noise",-73.900764096739408,40.847878836231743
"Smoking,ELECTRIC,WATER LEAK",-73.899173623636486,40.857999566080288
"Hazardous Materials,Highway Condition,Vending",-73.972980263226844,40.744930800562869
"Collection Truck Noise,Bridge Condition,Root/Sewer/Sidewalk Condition",-73.88484314025105,40.841927994789302
"Construction,Posting Advertisement,Smoking",-73.918761967646532,40.74467342035009
"Lead,Sewer,Overflowing Litter Baskets",-74.083334544890533,40.621866400525988
"Noise,Noise - Vehicle,Sweeping/Missed",-73.960592914353029,40.717086719327206
"Noise,Water Conservation,Taxi Report",-73.984048629300531,40.765466406872306
"ELEVATOR,Blocked Driveway,Illegal Parking",-73.880611430952811,40.752099084294677
"Illegal Parking,Special Natural Area District (SNAD),Street Sign - Missing",-74.202842197223603,40.513743832387767
"Noise - Helicopter,Noise,Overflowing Litter Baskets",-73.99363713671373,40.694239501203448
"Blocked Driveway,Illegal Parking,Overgrown Tree/Branches",-73.885585255114108,40.725718706412692
"Derelict Vehicles,Indoor Air Quality,Hazardous Materials",-73.848701389744164,40.665804761972936
"Street Sign - Missing,Street Sign - Damaged,Indoor Sewage",-73.760951130617215,40.597206504458846
"Noise - Street/Sidewalk,WATER LEAK,Blocked Driveway",-73.861711058208726,40.886299782662547
"Traffic Signal Condition,Municipal Parking Facility,Maintenance or Facility",-73.738198140663627,40.664877614074712
"Noise - Helicopter,Dead Tree,Litter Basket / Request",-73.975308046429362,40.670775755392889
"Snow,UNSANITARY CONDITION,Dirty Conditions",-73.961135668461537,40.623972653741099
"Noise - Commercial,Non-Residential Heat,Noise - Vehicle",-73.940152121319059,40.705082824830242
"Literature Request,Taxi Report,Posting Advertisement",-74.005307419920044,40.739182648496389
"Request Xmas Tree Collection,Maintenance or Facility,Derelict Vehicles",-73.80292255446129,40.59081565242353
"Recycling Enforcement,Illegal Parking,Sewer",-73.803014992150153,40.778274948651372
"Collection Truck Noise,Vending,Homeless Encampment",-73.948461694661503,40.789342095895456
"Derelict Vehicles,Illegal Parking,Root/Sewer/Sidewalk Condition",-73.928623843161787,40.638502396240007
"Sewer,Hazardous Materials,Derelict Bicycle",-73.946009350589549,40.724472732168252
"Animal in a Park,Taxi Complaint,Noise - Helicopter",-73.907915843937801,40.778671821254655
"Animal in a Park,City Vehicle Placard Complaint,Sewer",-74.035562145344684,40.616889015355937
"Street Sign - Missing,Sweeping/Missed,Air Quality",-73.826656600024435,40.875892740021911
"Noise - Vehicle,ELECTRIC,Noise - Street/Sidewalk",-73.951435329747341,40.822583966447525
"Homeless Encampment,Noise,Traffic Signal Condition",-74.009195661947118,40.716064873016478
"Noise,Highway Condition,Overflowing Litter Baskets",-73.953190448477883,40.769623701298201
"Snow,Blocked Driveway,Sewer",-74.069704949869347,40.611946752443352
"Harboring Bees/Wasps,Food Poisoning,Recycling Enforcement",-74.168629261709128,40.634248090225682
"DOOR/WINDOW,Noise - Street/Sidewalk,FLOORING/STAIRS",-73.914599389543426,40.827284477303401
"Snow,Highway Condition,For Hire Vehicle Complaint",-73.772307863193788,40.66645650353037
"Sanitation Condition,Street Sign - Damaged,Noise - Commercial",-73.831735077461261,40.653896864866063
"Snow,Food Establishment,Sewer",-73.795733356406572,40.731181175273257
"Derelict Vehicles,Drinking,Blocked Driveway",-73.81958065842592,40.681661172626683
"Derelict Vehicles,Blocked Driveway,Rodent",-73.90920617658,40.637892431192071
"Highway Condition,Maintenance or Facility,Collection Truck Noise",-73.82450626907027,40.789641939294846
"Noise - House of Worship,Noise - Commercial,Taxi Complaint",-73.95341382564925,40.678401730652539
"Blocked Driveway,Noise - House of Worship,Traffic Signal Condition",-73.859548997401205,40.755556055108293
"Noise - Street/Sidewalk,Illegal Parking,Fire Safety Director - F58",-73.939107060648638,40.841363425606986
"Air Quality,Hazardous Materials,Collection Truck Noise",-73.993171433471971,40.662213615512947
"Noise - Commercial,Illegal Animal Kept as Pet,Derelict Vehicles",-73.913248346036397,40.76330320819136
"Illegal Parking,Industrial Waste,Derelict Vehicles",-73.88253938480301,40.808438587469617
"Derelict Vehicles,Lead,Collection Truck Noise",-73.934676782140301,40.613340775410833
"Noise - Vehicle,Hazardous Materials,Traffic Signal Condition",-73.91187858910358,40.686469756592665
"Sidewalk Condition,Blocked Driveway,Illegal Parking",-73.974661910801615,40.647195657092944
"Elevator,APPLIANCE,ELECTRIC",-73.901166133502684,40.867193495164877
"Derelict Vehicle,WATER LEAK,Highway Condition",-73.906005497381443,40.737618768801084
"Illegal Parking,Derelict Vehicle,Dirty Conditions",-73.87271910577968,40.708952865012989
"Homeless Person Assistance,Homeless Encampment,Non-Residential Heat",-73.981935626707354,40.743268476760328
"Street Condition,Sanitation Condition,Noise - Commercial",-74.079552525299604,40.591575629242051
"Traffic Signal Condition,Blocked Driveway,Illegal Parking",-73.773342821870941,40.699859895822627
"Highway Condition,Overgrown Tree/Branches,Construction",-73.754588407675527,40.72776225334956
"Blocked Driveway,Sewer,Sweeping/Missed",-73.886101338868755,40.638670718417302
"Illegal Parking,Request Xmas Tree Collection,Traffic Signal Condition",-74.183811376718836,40.557490754634337
"Sweeping/Missed,WATER LEAK,Plant",-73.869900411446309,40.663128045356046
"Litter Basket / Request,Smoking,Maintenance or Facility",-73.961494402330104,40.588048284186989
"Litter Basket / Request,Water Conservation,Vacant Lot",-73.806696981536177,40.816167427474362
"Derelict Vehicle,Blocked Driveway,Illegal Parking",-73.852410792681226,40.850578077015939
"Bridge Condition,Drinking,Sidewalk Condition",-73.923834883241682,40.807879881953099
"Homeless Encampment,Homeless Person Assistance,Food Establishment",-73.988757337129343,40.752474184557911
"Street Sign - Damaged,Derelict Vehicles,Construction",-73.878834146044554,40.738771536065265
"PLUMBING,Noise - Vehicle,Boilers",-73.891731925791106,40.866607477222807
"Elevator,Drinking Water,Indoor Air Quality",-74.002984739154073,40.578512095651988
"Street Sign - Damaged,Special Natural Area District (SNAD),Sewer",-74.246180269383686,40.508221959788052
"HEAT/HOT WATER,Illegal Fireworks,Illegal Parking",-73.875291334102315,40.878222767659906
"Illegal Parking,Highway Condition,PLUMBING",-73.889542128249829,40.681841774613837
"Blocked Driveway,Animal Abuse,Street Condition",-73.857851982899632,40.818346468231695
"Drinking,Homeless Person Assistance,Maintenance or Facility",-73.980208662979592,40.724434060666454
"Blocked Driveway,Overgrown Tree/Branches,Collection Truck Noise",-73.804500161685382,40.711894668959467
"Noise - Commercial,Noise,Dirty Conditions",-73.92439068290706,40.702468660753851
"Blocked Driveway,Noise - Vehicle,Vacant Lot",-73.891020323648405,40.83201967458421
"Maintenance or Facility,General Construction/Plumbing,Air Quality",-73.957257298594101,40.731207661256342
"Damaged Tree,Overflowing Litter Baskets,Noise - Vehicle",-73.742434173390222,40.696340244245789
"Sewer,Noise,Maintenance or Facility",-74.131279587374237,40.555884360639062
"Illegal Parking,Sewer,Request Xmas Tree Collection",-73.986855154418805,40.613637644966104
"Derelict Vehicles,Litter Basket / Request,Found Property",-73.958444807955004,40.665044639761952
"Homeless Person Assistance,Homeless Encampment,Noise - Helicopter",-73.993057446506711,40.737442950870005
"For Hire Vehicle Complaint,Noise - Park",-73.742454328707552,40.638275725906652
"Snow,Sewer,Collection Truck Noise",-73.946070921337693,40.583819830816729
"Highway Condition,Noise,Maintenance or Facility",-73.914667979371615,40.88475457864601
"Smoking,Street Condition,Consumer Complaint",-74.102023676310608,40.588225511556551
"Sewer,Derelict Vehicle,Water System",-74.159108310273496,40.535070040862486
"Animal Abuse,Drinking,Snow",-73.975868785398404,40.593715280784707
"Street Condition,Blocked Driveway,Overgrown Tree/Branches",-73.842868516299845,40.683089457441426
"Sewer,Maintenance or Facility,Collection Truck Noise",-73.710079411229998,40.74734350723277
"Sewer,Blocked Driveway,Sidewalk Condition",-73.802672172930201,40.68540805110419
"Graffiti,Other Enforcement,HEAT/HOT WATER",-73.846712121501838,40.840772840310045
"Collection Truck Noise,Sewer,Highway Condition",-73.852852494533039,40.730758467870345
"Other Enforcement,Overflowing Litter Baskets,Sweeping/Missed",-73.950056779998306,40.614296143674835
"EAP Inspection - F59,Taxi Complaint,Noise",-73.964500919723918,40.759762504985702
"Sanitation Condition,Street Condition,Illegal Parking",-74.004158189536753,40.636887188699774
"Found Property,Boilers,Construction",-73.930008222787365,40.770433421110269
"Recycling Enforcement,Street Sign - Missing,Illegal Parking",-73.907717166999433,40.705615157581974
"School Maintenance,Boilers,Derelict Vehicles",-73.882447314893668,40.873535140901865
"Water Quality,Noise - Street/Sidewalk,Derelict Bicycle",-73.96925166793109,40.691650541411086
"Sewer,Noise - Vehicle,HEAT/HOT WATER",-73.954274487113111,40.638989692670016
