Label 1,Label 2,Label 3,Longitude,Latitude
"Electrical,Special Projects Inspection Team (SPIT),DOF Property - Reduction Issue",-73.961866594545896,40.578907321972409
"Special Enforcement,Broken Parking Meter,Snow",-73.919990360404611,40.757739335111403
"PLUMBING,DOOR/WINDOW,FLOORING/STAIRS",-73.891873129363631,40.829211653997966
"Root/Sewer/Sidewalk Condition,Sewer,Vacant Lot",-73.756874070334064,40.664415463053395
"Plant,Maintenance or Facility,Sweeping/Missed",-74.030783903489194,40.635812992465496
"Vending,Derelict Bicycle,DOF Parking - Tax Exemption",-73.981221663584932,40.728382047613302
"School Maintenance,WATER LEAK,FLOORING/STAIRS",-73.939036243641908,40.667026766020953
"Special Enforcement,Traffic,Request Xmas Tree Collection",-74.15934693394918,40.586963478893992
"Traffic,Street Sign - Damaged,Tattooing",-73.790114165921267,40.709486775486674
"Litter Basket / Request,Illegal Parking,Root/Sewer/Sidewalk Condition",-73.855618116629486,40.710818784039688
"Homeless Person Assistance,School Maintenance,Asbestos",-73.948584456424356,40.803940663434624
"DOF Property - Reduction Issue,Highway Condition,Bridge Condition",-73.827602424587013,40.870127138400193
"Street Sign - Missing,Vacant Lot,Air Quality",-73.811577147828856,40.587838924222808
"HEAT/HOT WATER,FLOORING/STAIRS,Boilers",-73.906914012229123,40.850418922406625
"Vacant Lot,SAFETY,Missed Collection (All Materials)",-73.87706556420558,40.663154741358163
"EAP Inspection - F59,Fire Safety Director - F58,Cranes and Derricks",-73.970644934805236,40.760161666587635
"Traffic Signal Condition,Air Quality,Litter Basket / Request",-73.993472016485654,40.664084653209841
"Construction,Fire Safety Director - F58,Broken Parking Meter",-73.830234661717469,40.76239744638476
"GENERAL,PAINT/PLASTER,DOOR/WINDOW",-73.860267415353562,40.893892409025966
"Construction,Special Enforcement,Missed Collection (All Materials)",-73.769658907476213,40.761455419152071
"Sweeping/Missed,Missed Collection (All Materials),Curb Condition",-73.973409043596689,40.609389327560052
"Bridge Condition,Sweeping/Missed,Overgrown Tree/Branches",-73.934893453927103,40.724829976176366
"Vending,Fire Safety Director - F58,EAP Inspection - F59",-74.010292131325357,40.707067176612973
"Vacant Lot,Street Light Condition,Derelict Vehicle",-74.171228541342003,40.556796152794313
"Vacant Lot,Litter Basket / Request,Public Payphone Complaint",-74.081876839087442,40.639161267681622
"Investigations and Discipline (IAD),HEAT/HOT WATER,Asbestos",-73.921565186784321,40.691963020348147
"Street Sign - Missing,Street Sign - Dangling,Street Sign - Damaged",-73.763853912253836,40.60019029165268
"Emergency Response Team (ERT),BEST/Site Safety,Curb Condition",-73.832598454046618,40.691935923909071
"PAINT/PLASTER,Snow,WATER LEAK",-73.957558970394615,40.635253310340779
"Noise - House of Worship,Construction,WATER LEAK",-73.766505758985218,40.713359513977672
"Senior Center Complaint,Construction,Graffiti",-73.893928876660425,40.749432008413571
"Investigations and Discipline (IAD),School Maintenance,Vacant Lot",-73.955436725849651,40.686230071922751
"Missed Collection (All Materials),Overgrown Tree/Branches,UNSANITARY CONDITION",-74.139194269568705,40.632947842632234
"Graffiti,Curb Condition,Food Poisoning",-73.850606430503603,40.839558557660162
"DOF Parking - Tax Exemption,Broken Muni Meter,For Hire Vehicle Complaint",-73.993397758108372,40.763770201279925
"Noise - Helicopter,Broken Muni Meter,For Hire Vehicle Complaint",-73.992768485356379,40.693513128923833
"FLOORING/STAIRS,DOOR/WINDOW,PLUMBING",-73.941654409504935,40.836963365972956
"Derelict Vehicle,Illegal Tree Damage,Dead Tree",-73.94798253979782,40.600603908972758
"Mold,Overgrown Tree/Branches,Damaged Tree",-74.097271609018819,40.579783808041569
"Street Condition,Highway Condition,Industrial Waste",-74.218186184705502,40.543233373150429
"Traffic,Investigations and Discipline (IAD),Sweeping/Inadequate",-74.010475653346987,40.614332449048511
"Highway Condition,Dead Tree,Derelict Vehicle",-73.734051147912197,40.73584158459915
"Sweeping/Missed,Construction,Missed Collection (All Materials)",-73.894301032192772,40.701921564531929
"Overflowing Litter Baskets,Boilers,WATER LEAK",-73.905807467995103,40.881853163763139
"EAP Inspection - F59,Non-Residential Heat,Fire Safety Director - F58",-73.99730935657297,40.7172879764112
"Sweeping/Inadequate,Sweeping/Missed,PAINT/PLASTER",-73.929872853748762,40.650212270095899
"DOF Parking - Tax Exemption,DPR Internal,ELEVATOR",-73.987050293107558,40.776385489906737
"DOF Parking - Tax Exemption,Broken Parking Meter,Homeless Encampment",-73.952656074619597,40.770984407944447
"Elevator,Smoking,WATER LEAK",-73.863540597401041,40.868695439823
"Derelict Vehicles,Sweeping/Inadequate,Request Xmas Tree Collection",-73.923248510453476,40.632554990747309
"Overgrown Tree/Branches,Root/Sewer/Sidewalk Condition,Derelict Vehicle",-73.815349019247279,40.67213293501058
"Derelict Vehicles,Unsanitary Animal Facility,Vacant Lot",-73.844282840084958,40.675721056719233
"Noise - Helicopter,DOF Property - Reduction Issue,Street Sign - Missing",-73.928343676431723,40.863620275607019
"Special Enforcement,Construction,Overgrown Tree/Branches",-73.807547439752767,40.761122870074104
"Derelict Vehicles,Highway Condition,Drinking",-73.814783659675086,40.705525204780173
"Special Enforcement,SAFETY,Vending",-73.918768932793384,40.811115119817359
"Fire Safety Director - F58,EAP Inspection - F59,Homeless Person Assistance",-73.992862258510655,40.745026865874635
"Bridge Condition,DOF Parking - Tax Exemption,Fire Alarm - Modification",-73.949915562933754,40.756514399554739
"Special Enforcement,DOF Property - Reduction Issue,Blocked Driveway",-73.867284555211256,40.733334985684749
"Highway Condition,Unleashed Dog,Derelict Vehicle",-74.089276022445418,40.600654507358776
"Dead Tree,Root/Sewer/Sidewalk Condition,Damaged Tree",-73.734943139275984,40.691203924489493
"Dead Tree,Unleashed Dog,City Vehicle Placard Complaint",-73.823255853398564,40.830552061817748
"Unleashed Dog,Elevator,Indoor Sewage",-73.996514111121684,40.575903505798571
"Street Light Condition,Dead Tree,Illegal Parking",-73.853668125694142,40.575297660732666
"Derelict Bicycle,Lead,Special Enforcement",-73.994656665256912,40.681408968922653
"Illegal Tree Damage,Missed Collection (All Materials),Overgrown Tree/Branches",-73.816909606338101,40.785845360216932
"DOF Parking - Tax Exemption,Asbestos,Investigations and Discipline (IAD)",-73.970705099877293,40.7939370387734
"Bridge Condition,Derelict Bicycle,Special Projects Inspection Team (SPIT)",-73.961991688995184,40.715189816908129
"PAINT/PLASTER,UNSANITARY CONDITION,Vacant Lot",-73.909317956322482,40.674389159405862
"Elevator,SAFETY,APPLIANCE",-73.960861021715516,40.647757591926222
"Sanitation Condition,Noise - House of Worship,Sweeping/Missed",-73.865295132959474,40.759452129100218
"Homeless Encampment,Electrical,Graffiti",-73.920989533213316,40.704918034461976
"Vacant Lot,Construction,Sanitation Condition",-73.78312156210167,40.692297011834391
"Request Xmas Tree Collection,Root/Sewer/Sidewalk Condition,Street Condition",-74.18977577959825,40.544694027481704
"DOF Property - Reduction Issue,Municipal Parking Facility,UNSANITARY CONDITION",-73.879488646748371,40.879624968026988
"Construction,Root/Sewer/Sidewalk Condition,Street Light Condition",-73.710757170273936,40.746039892403815
"Root/Sewer/Sidewalk Condition,Missed Collection (All Materials),Dead Tree",-74.135819301605622,40.563458025072798
"EAP Inspection - F59,Fire Safety Director - F58,Vending",-73.984616468658203,40.749038349110961
"Elevator,FLOORING/STAIRS,WATER LEAK",-73.917560344250376,40.843052950245834
"APPLIANCE,PAINT/PLASTER,Damaged Tree",-73.818421990139626,40.733087195380079
"ELECTRIC,GENERAL,DOOR/WINDOW",-73.940748290471944,40.816050944052535
"Missed Collection (All Materials),DOOR/WINDOW,Snow",-73.971699185697631,40.629538860650477
"Food Establishment,Industrial Waste,Bridge Condition",-73.788878773052105,40.851031174413698
"Sweeping/Missed,Other Enforcement,Missed Collection (All Materials)",-74.00048274760502,40.60464285266707
"Dirty Conditions,Boilers,Bridge Condition",-73.876285602197868,40.827824242390179
"Boilers,Broken Parking Meter,PAINT/PLASTER",-73.865977159326988,40.837322082584564
"Sweeping/Inadequate,Overgrown Tree/Branches,Root/Sewer/Sidewalk Condition",-73.905866397558839,40.638324376019263
"Highway Condition,Vacant Lot,FLOORING/STAIRS",-73.885702096306446,40.679577576713989
"Building/Use,Dead Tree,Overgrown Tree/Branches",-73.744948089264,40.677216081424554
"Damaged Tree,Request Xmas Tree Collection,SAFETY",-74.239854341219058,40.510525640841465
"Vacant Lot,Air Quality,Consumer Complaint",-73.834127428148406,40.886022550696374
"Plumbing,Sweeping/Missed,Construction",-73.912252352010441,40.776989337270578
"Overflowing Litter Baskets,Industrial Waste,DPR Internal",-74.12566061482778,40.607954973729072
"Derelict Vehicle,Beach/Pool/Sauna Complaint,Sanitation Condition",-73.844422903248898,40.784404776767246
"Vacant Lot,Poison Ivy,Missed Collection (All Materials)",-74.158450907330703,40.629895416962469
"Construction,Traffic Signal Condition,Missed Collection (All Materials)",-73.926449912281413,40.768256211486509
"General Construction/Plumbing,Noise,Investigations and Discipline (IAD)",-73.964392389424347,40.676983014590419
"Highway Condition,Street Sign - Missing,Street Light Condition",-73.777933168244815,40.667749065088742
"Derelict Bicycle,Fire Safety Director - F58,DOF Parking - Tax Exemption",-74.002843891981954,40.737187426685836
"Missed Collection (All Materials),Other Enforcement,DOF Property - Reduction Issue",-73.958472329847382,40.613247749122024
"Damaged Tree,Missed Collection (All Materials),Overgrown Tree/Branches",-73.800063513091857,40.781926150074838
"PLUMBING,APPLIANCE,FLOORING/STAIRS",-73.886168605658412,40.845442222287325
"Dead Tree,Posting Advertisement,Request Xmas Tree Collection",-73.901204519902493,40.903148850936553
"Plant,Highway Condition,Construction",-73.898163379265071,40.771199911155229
"Construction,Dead Tree,Highway Condition",-73.738085979393219,40.76579972523389
"School Maintenance,Derelict Vehicle,Illegal Tree Damage",-73.855748708523478,40.819624630415916
"Street Condition,Derelict Vehicle,Derelict Vehicles",-73.849748347731264,40.690042272270077
"Graffiti,Traffic Signal Condition,Investigations and Discipline (IAD)",-74.015403215679328,40.643270992489541
"Dead Tree,Construction,Missed Collection (All Materials)",-73.793731207153797,40.729085177444844
"Cranes and Derricks,Special Enforcement,Found Property",-73.939256892645503,40.746782057039631
"Graffiti,Sidewalk Condition,Derelict Bicycle",-73.952948525588155,40.727604171729325
"Highway Condition,Street Sign - Damaged,Special Enforcement",-73.921530959097552,40.741704316809148
"Highway Condition,Curb Condition,Blocked Driveway",-73.829536925056289,40.708707153717988
"DOF Property - Reduction Issue,PAINT/PLASTER,WATER LEAK",-73.934535484481742,40.850283581608998
"Derelict Vehicle,Damaged Tree,Derelict Vehicles",-73.940166300034392,40.620777065422345
"DOF Property - Reduction Issue,PLUMBING,WATER LEAK",-73.920342554691473,40.824599135863025
"Maintenance or Facility,Graffiti,Derelict Bicycle",-73.985352234822628,40.717937293002606
"Investigations and Discipline (IAD),DOOR/WINDOW,Sanitation Condition",-73.75611575837442,40.696276419864212
"Recycling Enforcement,ELECTRIC,Derelict Vehicles",-73.944855485590168,40.697040086813814
"Sweeping/Missed,DOF Property - Reduction Issue,BEST/Site Safety",-73.991745144927208,40.639304185687472
"Sanitation Condition,Sweeping/Missed,Request Xmas Tree Collection",-73.966450640173562,40.595033777301545
"PAINT/PLASTER,DOOR/WINDOW,FLOORING/STAIRS",-73.945331709785108,40.825979315338778
"Sweeping/Missed,DOOR/WINDOW,PLUMBING",-73.917614500053745,40.656257007563504
"Derelict Vehicle,Special Enforcement,Illegal Tree Damage",-73.895417618921599,40.729702056574396
"Missed Collection (All Materials),Overgrown Tree/Branches,Street Sign - Dangling",-74.166906880729599,40.534844614338631
"Construction,Investigations and Discipline (IAD),Collection Truck Noise",-73.915924338316714,40.561604036280016
"Sidewalk Condition,Street Sign - Damaged,BEST/Site Safety",-74.009039224403921,40.67794037524957
"Bridge Condition,Street Sign - Missing,Other Enforcement",-73.991834475127675,40.704462775579465
"Curb Condition,Miscellaneous Categories,FLOORING/STAIRS",-74.019714399187222,40.63206646199469
"Street Sign - Damaged,Highway Condition,Sweeping/Missed",-73.852848282027679,40.735405743354335
"Noise - Helicopter,PAINT/PLASTER,Water System",-73.955948514733549,40.814952186407702
"Highway Condition,Dead Tree,Missed Collection (All Materials)",-74.163590222566341,40.612234230390925
"Sweeping/Missed,Derelict Bicycle,For Hire Vehicle Complaint",-73.976556578258965,40.677152507276851
"UNSANITARY CONDITION,ELECTRIC,FLOORING/STAIRS",-73.948403052643187,40.65070439146767
"Dead Tree,City Vehicle Placard Complaint,Animal in a Park",-74.034713737349534,40.618546665435048
"DOF Parking - Tax Exemption,Vending,Air Quality",-73.951995177135387,40.781284278760538
"Street Sign - Missing,Street Sign - Damaged,Street Sign - Dangling",-73.750250094284439,40.60116429482683
"Electrical,Investigations and Discipline (IAD),Sweeping/Missed",-73.907272920592149,40.697472800503604
"EAP Inspection - F59,Cranes and Derricks,Derelict Bicycle",-73.982105257671421,40.688698403923134
"DOF Property - Reduction Issue,Vacant Lot,FLOORING/STAIRS",-73.857986282587603,40.668454379021313
"Plant,Mold,Graffiti",-73.93316317648528,40.589883510348507
"APPLIANCE,UNSANITARY CONDITION,Blocked Driveway",-73.846340886011689,40.875300530898961
"Derelict Vehicles,Non-Residential Heat,SAFETY",-73.8922283711224,40.857070392024475
"Unleashed Dog,Litter Basket / Request,Curb Condition",-73.977517821501962,40.65557046319983
"Vacant Lot,Harboring Bees/Wasps,Root/Sewer/Sidewalk Condition",-74.068911320582913,40.610177702920645
"DPR Internal,Vacant Lot,Water Quality",-74.201819539327289,40.523340334994543
"Traffic Signal Condition,Noise - Commercial,Street Light Condition",-73.956765285657426,40.705338654389003
"Vacant Lot,PLUMBING,Litter Basket / Request",-73.891943482292078,40.667813069800879
"Sweeping/Missed,Sweeping/Inadequate,Request Xmas Tree Collection",-73.986120858281794,40.610825472650276
"Derelict Vehicles,Sweeping/Inadequate,Root/Sewer/Sidewalk Condition",-73.891107717862752,40.641835797986225
"Fire Safety Director - F58,DOF Parking - Tax Exemption,Cranes and Derricks",-74.009085405225036,40.715816111768703
"APPLIANCE,HEAT/HOT WATER,DOOR/WINDOW",-73.860927282650664,40.882268940688476
"Vacant Lot,Sweeping/Missed,Root/Sewer/Sidewalk Condition",-73.915664778194568,40.68264033241946
"Graffiti,Boilers,Broken Muni Meter",-73.865653029183392,40.854559553674711
"DOF Parking - Tax Exemption,Fire Safety Director - F58,EAP Inspection - F59",-73.973662320827486,40.750592140035629
"EAP Inspection - F59,Fire Safety Director - F58,Public Payphone Complaint",-73.981424961636904,40.757541772870063
"Special Enforcement,Poison Ivy,Missed Collection (All Materials)",-74.105269842199007,40.634255826176719
"Air Quality,Snow,Special Enforcement",-73.855870430185988,40.72556177825232
"Highway Condition,Street Sign - Dangling,Mold",-73.837268347012696,40.657963934583087
"DOF Property - Reduction Issue,Overgrown Tree/Branches,Root/Sewer/Sidewalk Condition",-73.767161251772947,40.678910642677891
"Bridge Condition,Homeless Person Assistance,Elevator",-73.935121587658841,40.80555346133881
"Fire Safety Director - F58,Plumbing,EAP Inspection - F59",-73.99241909774922,40.725427028253819
"Animal Abuse,Sewer,Fire Alarm - Reinspection",-73.887558287175253,40.815056463615157
"Noise - House of Worship,FLOORING/STAIRS,PAINT/PLASTER",-73.926544375709028,40.668080127121847
"Graffiti,Investigations and Discipline (IAD),Noise - Park",-74.006223609344772,40.63379747839636
"Illegal Parking,Overgrown Tree/Branches,Sewer",-73.735017795871286,40.660380285493922
"Broken Muni Meter,PAINT/PLASTER,DOOR/WINDOW",-73.948917764055793,40.791587667036644
"Overgrown Tree/Branches,Damaged Tree,Animal in a Park",-74.118834125810608,40.575306429000996
"Boilers,DOF Parking - Tax Exemption,Homeless Person Assistance",-73.963310174294023,40.801974283636653
"Taxi Report,For Hire Vehicle Complaint,Taxi Complaint",-73.789577602858031,40.648267371474375
"Bridge Condition,Highway Condition,Mold",-73.907860930370418,40.614561608447225
"Street Light Condition,Damaged Tree,Missed Collection (All Materials)",-73.756495020010831,40.745895524752008
"FLOORING/STAIRS,Elevator,DOOR/WINDOW",-73.901373380686621,40.864038514815199
"Street Sign - Missing,Vacant Lot,DOOR/WINDOW",-73.787558852363446,40.593448399606451
"Building/Use,Construction,Curb Condition",-73.828032783992569,40.683849831000188
"Construction,Derelict Vehicles,Litter Basket / Request",-73.857755191836375,40.747852926781412
"Graffiti,Missed Collection (All Materials),Dead Tree",-73.99535622844941,40.621988330522107
"Missed Collection (All Materials),Highway Condition,Unleashed Dog",-73.815664767707446,40.818263169844187
"SAFETY,GENERAL,WATER LEAK",-73.902982255073738,40.816911371940854
"SAFETY,Overflowing Litter Baskets,Sweeping/Inadequate",-73.975477021008416,40.642368121181541
"Overgrown Tree/Branches,Special Enforcement,Root/Sewer/Sidewalk Condition",-73.846892995156651,40.85825872277848
"Sweeping/Inadequate,Curb Condition,Dead Tree",-73.905928775390365,40.714348644568268
"Fire Safety Director - F58,EAP Inspection - F59,Public Payphone Complaint",-73.991005571509675,40.755815129247409
"Vacant Lot,Root/Sewer/Sidewalk Condition,DOOR/WINDOW",-73.849049288626318,40.898972680233662
"Construction,Building/Use,Derelict Vehicle",-73.788963832137412,40.762942838001941
"Litter Basket / Request,Overflowing Litter Baskets,General Construction/Plumbing",-73.968059688655217,40.690998711193437
"Construction,Special Enforcement,Derelict Vehicle",-73.912671745341243,40.765921381849381
"Vending,Construction,Non-Residential Heat",-73.884275445847592,40.752334229995959
"Illegal Parking,Overgrown Tree/Branches,Root/Sewer/Sidewalk Condition",-73.748793834710654,40.722502134188439
"Construction,Vacant Lot,Highway Condition",-73.796196120562882,40.677555103743956
"Drinking,Mold,Root/Sewer/Sidewalk Condition",-74.109687108585504,40.563085105251957
"Derelict Vehicle,Building/Use,Special Enforcement",-73.815647264267824,40.688065274374566
"Sweeping/Missed,Traffic Signal Condition,DOF Property - Reduction Issue",-73.905109015589218,40.745867749729413
"Graffiti,Dead Tree,Request Xmas Tree Collection",-73.876380407534,40.706367748816469
"Other Enforcement,FLOORING/STAIRS,Noise - Vehicle",-73.931974200775144,40.699706715481156
"Graffiti,Noise - Park,Illegal Parking",-74.005773146347636,40.649329678707467
"Special Enforcement,Overgrown Tree/Branches,Street Condition",-73.777906196826422,40.78083504600243
"Derelict Bicycle,Lead,Damaged Tree",-73.982770728577734,40.668812211980054
"Construction,Blocked Driveway,Damaged Tree",-73.872717771173143,40.749662442438115
"Taxi Report,Taxi Complaint,For Hire Vehicle Complaint",-73.878665392826548,40.766360900252224
"Asbestos,Construction,Bridge Condition",-73.953555577562994,40.743142225853987
"Broken Muni Meter,Fire Safety Director - F58,DOF Parking - Tax Exemption",-73.983158289251563,40.765990699983462
"Boilers,PAINT/PLASTER,UNSANITARY CONDITION",-73.907196934858135,40.832478528796209
"Noise - Helicopter,DOF Parking - Tax Exemption,Unleashed Dog",-73.976942264244968,40.785918225458424
"SAFETY,APPLIANCE,Sweeping/Inadequate",-73.942053358461891,40.683718935931395
"UNSANITARY CONDITION,PAINT/PLASTER,ELECTRIC",-73.939041140740045,40.793097000732388
"Industrial Waste,PLUMBING,DOOR/WINDOW",-73.801444048091042,40.698908279220461
"Overflowing Litter Baskets,Root/Sewer/Sidewalk Condition,Overgrown Tree/Branches",-73.925613150730541,40.614160534594227
"Graffiti,Overgrown Tree/Branches,Dead Tree",-73.95018986852169,40.585532419839069
"DOF Parking - Tax Exemption,Vending,Violation of Park Rules",-73.961694595327259,40.774976791317336
"Sanitation Condition,Unleashed Dog,Missed Collection (All Materials)",-74.081780798452328,40.621519874067175
"Broken Muni Meter,DOF Parking - Tax Exemption,Homeless Encampment",-73.990308451986351,40.735435714759546
"Highway Condition,Dead Tree,Root/Sewer/Sidewalk Condition",-73.718515009291181,40.730576196833816
"Overgrown Tree/Branches,Street Light Condition,Fire Alarm - Reinspection",-73.830368002590774,40.845187067717191
"Curb Condition,Graffiti,Root/Sewer/Sidewalk Condition",-73.864469136305928,40.68827744795783
"EAP Inspection - F59,Fire Safety Director - F58,DOF Parking - Tax Exemption",-74.005175559500785,40.727091582305071
"Plant,Smoking,Street Light Condition",-73.830171053295402,40.581812136276078
"BEST/Site Safety,General Construction/Plumbing,Indoor Sewage",-73.819593356691257,40.607196987540071
"PAINT/PLASTER,DOOR/WINDOW,UNSANITARY CONDITION",-73.951299323793606,40.672748831203371
"DPR Internal,Elevator,Missed Collection (All Materials)",-73.826097570494014,40.751699642515689
"DOF Parking - Tax Exemption,DPR Internal,Investigations and Discipline (IAD)",-74.003045790961167,40.747943898322042
"Sweeping/Inadequate,Illegal Animal Sold,Asbestos",-74.024937669257298,40.622506058585074
"Indoor Sewage,Sweeping/Missed,Recycling Enforcement",-73.944071222859804,40.637486032019616
"Derelict Vehicle,Root/Sewer/Sidewalk Condition,Missed Collection (All Materials)",-73.879933304930219,40.720077967850365
"Recycling Enforcement,Construction,Special Enforcement",-73.883324583022372,40.739332214178361
"Graffiti,Derelict Bicycle,Asbestos",-73.945797564996823,40.7133550615129
"DOF Property - Reduction Issue,Elevator,Graffiti",-73.978854895871933,40.579074269515445
"Damaged Tree,Missed Collection (All Materials),Root/Sewer/Sidewalk Condition",-73.781876770997528,40.742760537531609
"PLUMBING,WATER LEAK,UNSANITARY CONDITION",-73.919731935927587,40.867555806261713
"Special Enforcement,Fire Safety Director - F58,Maintenance or Facility",-73.936215802334914,40.758536924177925
"PAINT/PLASTER,DOOR/WINDOW,PLUMBING",-73.888021037624554,40.871986722674833
"Broken Parking Meter,Construction,Asbestos",-73.843101605334837,40.720621982470455
"Dead Tree,Root/Sewer/Sidewalk Condition,Overgrown Tree/Branches",-73.848530418061969,40.658466796931599
"PLUMBING,GENERAL,FLOORING/STAIRS",-73.926179353669255,40.835315560556445
"Curb Condition,Sweeping/Missed,Smoking",-73.986164777284458,40.594809661620467
"Highway Condition,Dead Tree,Noise - Park",-74.103712840776424,40.613865415607137
"WATER LEAK,Plumbing,Indoor Sewage",-73.929042530227875,40.683177985043422
"DOF Parking - Tax Exemption,Broken Parking Meter,Overflowing Litter Baskets",-73.96141822313885,40.763739859349933
"Highway Condition,Rodent,Poison Ivy",-74.190016007216386,40.590962942579942
"Construction,DOF Property - Reduction Issue,Root/Sewer/Sidewalk Condition",-73.811216763834437,40.719766986665299
"Damaged Tree,Missed Collection (All Materials),Asbestos",-74.070836107397056,40.594074094506283
"Missed Collection (All Materials),Root/Sewer/Sidewalk Condition,Sewer",-74.139768536708473,40.614008523384356
"Homeless Person Assistance,Broken Muni Meter,EAP Inspection - F59",-73.980278611013958,40.741821621534868
"Unleashed Dog,Street Condition,Overflowing Litter Baskets",-74.122710758439396,40.630953294510945
"Sewer,Damaged Tree,Litter Basket / Request",-73.739016566673484,40.709219682021441
"Sweeping/Missed,Vacant Lot,Sanitation Condition",-73.902748298353387,40.6584931971055
"SAFETY,Sweeping/Inadequate,Missed Collection (All Materials)",-73.871620077448057,40.677305841080283
"Vending,DOF Parking - Tax Exemption,Homeless Encampment",-73.980134697031033,40.7769017580952
"Root/Sewer/Sidewalk Condition,Street Sign - Dangling,Vacant Lot",-74.149906145183849,40.545371302658033
"FLOORING/STAIRS,UNSANITARY CONDITION,PAINT/PLASTER",-73.955416219404711,40.659926375154193
