Label 1,Label 2,Label 3,Longitude,Latitude
"HEATING,NONCONST,GENERAL CONSTRUCTION",-73.915746921618833,40.850932661077728
"Unsanitary Pigeon Condition,Unsanitary Animal Pvt Property,Noise",-73.974393736349512,40.645223919666513
"Illegal Parking,Standing Water,Traffic Signal Condition",-73.863763289788366,40.71916909296398
"Taxi Complaint,Taxi Report,Homeless Person Assistance",-73.989034376009926,40.747968378800145
"Unsanitary Animal Pvt Property,Standing Water,Rodent",-74.141505437470073,40.559668400028251
"Standing Water,Derelict Vehicle,Building/Use",-73.741424346183024,40.707420918505385
"HEATING,Noise - Vehicle,Rodent",-73.920850755608782,40.807481333086201
"Building/Use,Unsanitary Animal Pvt Property,Standing Water",-73.787517288717439,40.592160205593494
"Standing Water,Unleashed Dog,Unsanitary Animal Pvt Property",-73.822677100619458,40.8256106097055
"Unsanitary Pigeon Condition,Noise - Commercial,Noise - Park",-73.940239791890761,40.705305958499849
"GENERAL CONSTRUCTION,Standing Water,HEATING",-74.111639077250615,40.637454729181066
"Noise - Park,General Construction/Plumbing,Highway Condition",-73.985620637670337,40.577432222086316
"NONCONST,Unsanitary Pigeon Condition,PAINT - PLASTER",-73.866224602337709,40.865954749800615
"For Hire Vehicle Complaint,Noise - Park,Taxi Complaint",-73.983689015093191,40.693531057246609
"Derelict Vehicle,Noise - House of Worship,Derelict Vehicles",-73.803928905116493,40.677382421412773
"Standing Water,Blocked Driveway,Unsanitary Animal Pvt Property",-73.904727279428968,40.624112406846209
"Graffiti,PAINT - PLASTER,HEATING",-74.030173761269239,40.620844921204586
"DPR Internal,GENERAL CONSTRUCTION,Food Establishment",-73.83340663104039,40.754480100071312
"Rodent,GENERAL CONSTRUCTION,OUTSIDE BUILDING",-73.908308746559157,40.678281034046172
"Recycling Enforcement,GENERAL CONSTRUCTION,Standing Water",-73.884639138196391,40.739823952812863
"Standing Water,Illegal Parking,Sanitation Condition",-74.212418201036101,40.543209592129116
"Unsanitary Pigeon Condition,Lead,Rodent",-73.973049991821924,40.789746990953191
"HEATING,Noise - Commercial,Curb Condition",-73.909612906210725,40.775606546131897
"Noise - Commercial,Standing Water,PAINT - PLASTER",-73.949990734058602,40.649348153660817
"PAINT - PLASTER,Noise - Park,Noise - Street/Sidewalk",-73.954806373742159,40.812365080376857
"NONCONST,Rodent,Unsanitary Animal Pvt Property",-73.878867459704892,40.677344718269431
"Street Light Condition,Drinking,Derelict Vehicles",-73.820024236417296,40.702317328581508
"NONCONST,GENERAL CONSTRUCTION,PAINT - PLASTER",-73.944720472771891,40.67697288159858
"GENERAL CONSTRUCTION,Noise - Street/Sidewalk,Noise - Vehicle",-73.884340569336516,40.839861318803315
"Noise - House of Worship,PAINT - PLASTER,Unsanitary Animal Pvt Property",-73.762705595309967,40.711699265850648
"Unsanitary Pigeon Condition,ELEVATOR,Standing Water",-73.953171079832899,40.58404941291856
"HEATING,OUTSIDE BUILDING,PAINT - PLASTER",-73.854294533625179,40.898124651841727
"ELEVATOR,GENERAL CONSTRUCTION,CONSTRUCTION",-73.996444333505153,40.603218975033023
"GENERAL CONSTRUCTION,PAINT - PLASTER,Noise - Vehicle",-73.905550550018319,40.861300686058222
"Noise,Taxi Report,EAP Inspection - F59",-74.009733974830695,40.707743622402241
"Noise - Helicopter,Noise - Commercial,Derelict Bicycle",-73.987540518716145,40.72956771284025
"Drinking,ELEVATOR,Noise - Park",-73.824806369150863,40.759376952657988
"ELEVATOR,Noise - Street/Sidewalk,Noise - House of Worship",-73.942448976929228,40.836120733126492
"Standing Water,Unsanitary Animal Pvt Property,Rodent",-74.152120039697664,40.627306629315768
"Traffic Signal Condition,Standing Water,Taxi Report",-73.933603037989627,40.757687834065472
"Standing Water,Noise - Commercial,Snow",-74.07442591673535,40.593866769396854
"Standing Water,Street Light Condition,Derelict Vehicle",-73.802026178923356,40.782301316709564
"Noise,Rodent,Unsanitary Pigeon Condition",-73.949218308325428,40.773308842716396
"Noise - Commercial,Unsanitary Animal Pvt Property,Rodent",-73.747366296371723,40.676185831579325
"Unsanitary Pigeon Condition,Standing Water,Indoor Air Quality",-73.848029880498174,40.667508030783551
"HEATING,Highway Condition,Noise - Vehicle",-73.85425082887599,40.829444066506632
"GENERAL CONSTRUCTION,PAINT - PLASTER,HEATING",-73.920895796257696,40.660020042753601
"GENERAL CONSTRUCTION,NONCONST,PAINT - PLASTER",-73.966383397851544,40.609102240057958
"Hazardous Materials,Overflowing Litter Baskets,Noise - House of Worship",-73.804914250285719,40.701848389888198
"ELEVATOR,Noise - Commercial,Derelict Bicycle",-73.954227877837567,40.712745422397134
"Noise - Park,Unsanitary Pigeon Condition,Standing Water",-73.756878175849337,40.745507151440485
"Standing Water,Derelict Bicycle,Noise - House of Worship",-73.993784332416467,40.663444100244838
"GENERAL CONSTRUCTION,Food Poisoning,Taxi Complaint",-73.973995167768265,40.764479154320092
"DPR Internal,Noise - Commercial,Unsanitary Pigeon Condition",-74.004543777799128,40.732177748563473
"Noise - Street/Sidewalk,Noise - Vehicle,HEATING",-73.927396251635187,40.863742864138089
"Unsanitary Pigeon Condition,Illegal Parking,Street Condition",-73.849674765857074,40.575495541099393
"Noise - Vehicle,Unsanitary Pigeon Condition,Noise - Park",-73.748381450650356,40.600048687004403
"Standing Water,Unsanitary Animal Pvt Property,Unsanitary Pigeon Condition",-74.096722112211353,40.583568201039888
"Standing Water,Illegal Parking,Vector",-74.17627470842028,40.551175215441695
"Noise - Commercial,PAINT - PLASTER,ELEVATOR",-73.879629916696359,40.760584616894555
"GENERAL CONSTRUCTION,Standing Water,Hazardous Materials",-73.908885535543888,40.882900887625475
"NONCONST,Noise - Street/Sidewalk,Rodent",-73.924924637135618,40.829757749467511
"Noise - Park,Noise - Commercial,Standing Water",-73.714193868532973,40.740237845622829
"NONCONST,Noise - Street/Sidewalk,Water System",-73.913125019804426,40.703252059386514
"Standing Water,PAINT - PLASTER,Unsanitary Animal Pvt Property",-73.927066818460986,40.6858732949973
"DPR Internal,NONCONST,Unsanitary Animal Pvt Property",-74.080292660097399,40.637500808916286
"Unsanitary Animal Pvt Property,Rodent,Highway Condition",-73.780604594543277,40.670089076036909
"ELEVATOR,Noise - Vehicle,Traffic",-73.79385987329178,40.710589886380781
"Water System,GENERAL CONSTRUCTION,Noise",-74.018056196898172,40.64068405249558
"Unsanitary Pigeon Condition,Standing Water,Emergency Response Team (ERT)",-73.789743787920969,40.757038632739267
"PAINT - PLASTER,GENERAL CONSTRUCTION,NONCONST",-73.912757121881313,40.835072788086833
"Noise - Vehicle,Air Quality,Unsanitary Pigeon Condition",-73.841494815039482,40.780680514008026
"Standing Water,Unsanitary Animal Pvt Property,Noise - Park",-73.846336644445671,40.867958480950726
"Unsanitary Pigeon Condition,HEATING,ELEVATOR",-73.918778439620922,40.745320464911892
"Rodent,Unsanitary Animal Pvt Property,Food Establishment",-74.243077814214217,40.511817219737139
"Snow,Noise - Commercial,Unsanitary Pigeon Condition",-73.973019937390063,40.676670515887508
"ELEVATOR,Unsanitary Animal Pvt Property,HEATING",-73.828767756402854,40.846259326628008
"Plant,Unsanitary Animal Pvt Property,Standing Water",-73.932942528023133,40.588974951128378
"ELEVATOR,UNSANITARY CONDITION,Unsanitary Pigeon Condition",-73.852040115831869,40.727030172308204
"Unsanitary Pigeon Condition,Standing Water,Unsanitary Animal Pvt Property",-74.124294495545314,40.627667831829697
"PAINT - PLASTER,Unsanitary Animal Pvt Property,HEATING",-73.90720292348243,40.660187794826271
"DPR Internal,Taxi Complaint,Panhandling",-74.000965400939549,40.747526921872876
"Noise - Street/Sidewalk,Noise - Commercial,Noise - Vehicle",-73.941829966882352,40.817297158990662
"Standing Water,Unsanitary Pigeon Condition,Rodent",-74.1246087810554,40.56656023817601
"Unsanitary Pigeon Condition,Unsanitary Animal Pvt Property,Standing Water",-73.848588750235606,40.680328365338632
"Noise - Commercial,Standing Water,Unsanitary Animal Pvt Property",-73.954403326371875,40.730627914867718
"Noise - Street/Sidewalk,Urinating in Public,Noise - Vehicle",-73.952429000421048,40.803819138870011
"PAINT - PLASTER,Noise - Street/Sidewalk,Unsanitary Animal Pvt Property",-73.894820284327309,40.828660609304862
"Noise - Commercial,Standing Water,Unsanitary Pigeon Condition",-73.788046706353668,40.849509830599082
"Water System,ELEVATOR,GENERAL CONSTRUCTION",-73.87658679245358,40.876198997539433
"Blocked Driveway,Graffiti,Derelict Vehicles",-73.857858366201782,40.745631212124344
"Noise - Park,NONCONST,Noise - Commercial",-73.95300076817,40.693402095452583
"PAINT - PLASTER,Street Light Condition,CONSTRUCTION",-73.984562653460273,40.636407242752703
"Noise - Commercial,Homeless Person Assistance,Taxi Report",-73.995806176555206,40.720377426037246
"Rodent,NONCONST,Unsanitary Animal Pvt Property",-73.940695116835968,40.622181852038686
"Public Payphone Complaint,Taxi Complaint,Vending",-73.983120736383711,40.761014535160747
"GENERAL CONSTRUCTION,PAINT - PLASTER,HEATING",-73.904374042475268,40.816521014058793
"Rodent,Unsanitary Pigeon Condition,NONCONST",-73.966173284657401,40.799293820070318
"Graffiti,Vector,Noise - Park",-74.004127113255933,40.678543210065868
"Noise - Street/Sidewalk,NONCONST,Bridge Condition",-73.936132877918368,40.797357081592359
"Highway Condition,NONCONST,Unsanitary Animal Pvt Property",-74.084631237709829,40.615623609949978
"Noise - House of Worship,Standing Water,Street Sign - Missing",-73.808140567599835,40.590639360554327
"GENERAL CONSTRUCTION,PAINT - PLASTER,HEATING",-73.959319034372001,40.64257651939603
"Unsanitary Animal Pvt Property,Rodent,Illegal Parking",-73.883027484212533,40.719728972326948
"HEATING,ELEVATOR,Rodent",-73.902267862786047,40.872907307167125
"Unsanitary Animal Pvt Property,Rodent,Street Condition",-73.756721664958732,40.695284779007778
"Standing Water,Rodent,Dirty Conditions",-74.188293332149343,40.59188638160775
"PAINT - PLASTER,GENERAL CONSTRUCTION,NONCONST",-73.893366811067935,40.665444152507042
"Standing Water,Unsanitary Animal Pvt Property,Illegal Parking",-74.157075845746249,40.587346648091682
"GENERAL CONSTRUCTION,NONCONST,HEATING",-73.887898139185182,40.850962365642957
"Emergency Response Team (ERT),BEST/Site Safety,Blocked Driveway",-73.831546647611944,40.689583629799685
"PAINT - PLASTER,GENERAL CONSTRUCTION,NONCONST",-73.900601401621017,40.854592500832496
"Unsanitary Animal Pvt Property,Street Sign - Missing,Rodent",-73.836056692916856,40.881752040212419
"HEATING,Noise - Street/Sidewalk,Noise - Vehicle",-73.937402332020795,40.846313734992449
"Unsanitary Animal Pvt Property,Blocked Driveway,Noise - Commercial",-73.908281012290686,40.640181210113546
"Standing Water,Maintenance or Facility,Unsanitary Pigeon Condition",-73.806005957693486,40.732733623637536
"NONCONST,ELEVATOR,Noise - Street/Sidewalk",-73.951200515468287,40.664162708543564
"CONSTRUCTION,ELEVATOR,HEATING",-73.876484054971669,40.825379097559029
"ELEVATOR,HEATING,GENERAL CONSTRUCTION",-73.890216453930819,40.86853000390736
"Unsanitary Pigeon Condition,Graffiti,NONCONST",-73.958481916230312,40.7628542751197
"Unsanitary Pigeon Condition,Rodent,Standing Water",-73.940733806128918,40.720392108021322
"Noise - Park,Building/Use,Recycling Enforcement",-74.011348684786441,40.628371787094402
"HEATING,Unsanitary Pigeon Condition,PAINT - PLASTER",-73.866925784667615,40.849299391884443
"Unsanitary Pigeon Condition,Noise - Commercial,HEATING",-73.919247244047085,40.768854939483383
"Unsanitary Animal Pvt Property,Blocked Driveway,NONCONST",-73.904827177624242,40.713926695222433
"Noise - Park,PAINT - PLASTER,Rodent",-73.939541313258545,40.692313730284681
"Sewer,Street Sign - Damaged,Street Sign - Dangling",-73.736247495960782,40.763826192085411
"ELEVATOR,Unsanitary Pigeon Condition,Rodent",-73.981204414382219,40.779168098352997
"Illegal Parking,Standing Water,Unsanitary Animal Pvt Property",-73.924133796092732,40.617134699073297
"GENERAL CONSTRUCTION,HEATING,PAINT - PLASTER",-73.861356259751318,40.886182370571092
"Standing Water,Unsanitary Animal Pvt Property,Building/Use",-73.735008733517148,40.727392139228463
"Standing Water,Unsanitary Pigeon Condition,PAINT - PLASTER",-73.841307358011804,40.718623824647246
"Illegal Fireworks,HEATING,Noise",-73.996235324706447,40.641637572755982
"Rodent,Unsanitary Pigeon Condition,ELEVATOR",-73.892333165879123,40.749629104329642
"Unsanitary Animal Pvt Property,Standing Water,NONCONST",-73.98660599572942,40.593447891556451
"OUTSIDE BUILDING,Unsanitary Animal Pvt Property,Standing Water",-73.786411200762174,40.695471059704872
"Rodent,Lead,Noise - Vehicle",-73.983645049291312,40.667579804500789
"Noise - Street/Sidewalk,Noise - Vehicle,PAINT/PLASTER",-73.952497409050153,40.8227560795995
"Unsanitary Animal Pvt Property,Rodent,Noise - Vehicle",-74.001004955249442,40.5762856719615
"Unsanitary Pigeon Condition,Street Light Condition,NONCONST",-73.87893245355427,40.705030682133049
"Standing Water,Rodent,CONSTRUCTION",-73.855195917628961,40.815316213806682
"Unsanitary Animal Pvt Property,Standing Water,NONCONST",-73.951636362840986,40.604613903834924
"PAINT - PLASTER,GENERAL CONSTRUCTION,Noise - Street/Sidewalk",-73.96841681042774,40.688533470434081
"Plant,Highway Condition,Blocked Driveway",-73.897090892287849,40.76843335229885
"Bridge Condition,Rodent,Noise - Commercial",-73.964760378524744,40.711782285503858
"Plant,Illegal Parking,ELEVATOR",-74.029211308185523,40.637203386730299
"Disorderly Youth,PAINT - PLASTER,GENERAL CONSTRUCTION",-73.944039303211056,40.826621244111102
"ELEVATOR,Noise - Street/Sidewalk,NONCONST",-73.875142431733693,40.747799380136087
"Noise - Vehicle,ELEVATOR,Noise - Park",-73.90725871245364,40.845073494235926
"Standing Water,Overflowing Litter Baskets,Vector",-74.118155116309765,40.606597940019363
"Curb Condition,GENERAL CONSTRUCTION,Noise - House of Worship",-73.970737775349576,40.632347006059057
"PAINT - PLASTER,GENERAL CONSTRUCTION,NONCONST",-73.997176529686314,40.620896546093356
"Noise - Commercial,GENERAL CONSTRUCTION,OUTSIDE BUILDING",-73.925116489624187,40.700758359656604
"GENERAL,OUTSIDE BUILDING,GENERAL CONSTRUCTION",-73.991588228521309,40.760488396939351
"Noise - Commercial,Illegal Fireworks,Standing Water",-73.838281263884767,40.652954260543318
"Standing Water,Noise - Park,HEATING",-73.891279289957851,40.642854587735343
"Noise - Commercial,Rodent,Standing Water",-73.980178441541128,40.726039423304293
"Illegal Parking,Unsanitary Pigeon Condition,Standing Water",-73.818186865495392,40.790382302997877
"Standing Water,Noise - Commercial,Derelict Vehicle",-74.153398192172006,40.536392051350632
"Water System,NONCONST,Rodent",-73.900557584953077,40.905851050727179
"PAINT - PLASTER,HEATING,Snow",-73.958889989559694,40.624483142745362
"For Hire Vehicle Report,Taxi Report,For Hire Vehicle Complaint",-73.787504794300148,40.648467847183923
"Noise - Commercial,Noise - Park,PAINT - PLASTER",-73.920102057395809,40.867774697370983
"PAINT - PLASTER,Sewer,Unsanitary Pigeon Condition",-73.760568966889409,40.668066977326276
"NONCONST,Standing Water,Unsanitary Animal Pvt Property",-73.771798229030566,40.760557628796136
"Unsanitary Pigeon Condition,ELEVATOR,NONCONST",-73.862704336956426,40.733538712835596
"Noise - Street/Sidewalk,Noise - Park,Noise - Vehicle",-73.931180380777946,40.85474038897889
"NONCONST,Noise - House of Worship,Unsanitary Animal Pvt Property",-73.866116084496895,40.672615187004091
"Bridge Condition,Noise - Park,Rodent",-73.994367296787829,40.707793712342429
"HEATING,Noise - House of Worship,Noise - Commercial",-73.959524329102038,40.672202135009833
"APPLIANCE,Maintenance or Facility,Smoking",-73.822018120937031,40.729270695807045
"PAINT - PLASTER,Street Sign - Missing,Rodent",-73.887687662990984,40.816920759705447
"Blocked Driveway,Noise - Commercial,Unsanitary Animal Pvt Property",-73.866970999592809,40.686200994560117
"GENERAL CONSTRUCTION,Blocked Driveway,Derelict Vehicles",-73.928209810234492,40.650886592554365
"Standing Water,Noise - Vehicle,GENERAL CONSTRUCTION",-74.200970713356739,40.523177714409897
"UNSANITARY CONDITION,HEATING,Unsanitary Animal Pvt Property",-73.832888295617224,40.707078756793827
"Noise - Park,PAINT - PLASTER,Noise - House of Worship",-74.006515122957154,40.64911424886467
"Noise - Commercial,Standing Water,Rodent",-73.982829435980506,40.682266747880782
"Derelict Vehicles,Rodent,ELECTRIC",-73.970145452794696,40.591820809221545
"Noise - Commercial,Standing Water,Missed Collection (All Materials)",-74.137881019806628,40.633569197402664
"Noise - Commercial,Unsanitary Animal Pvt Property,Unsanitary Pigeon Condition",-73.915916735847688,40.759498464850182
"Noise - Commercial,Standing Water,HEATING",-73.770211294935265,40.682653100023551
"Unsanitary Animal Pvt Property,OUTSIDE BUILDING,GENERAL CONSTRUCTION",-73.917104333875017,40.679129073510055
"Unsanitary Pigeon Condition,Blocked Driveway,Traffic",-74.010091059853039,40.608847770196789
"NONCONST,Rodent,CONSTRUCTION",-73.911908609450663,40.691092275111636
"Unsanitary Pigeon Condition,Rodent,NONCONST",-73.952407866994079,40.780759019748629
"Noise - Helicopter,Homeless Person Assistance,Food Establishment",-73.997117563274969,40.737736315588002
"Homeless Person Assistance,Noise - Park,HEATING",-73.942001023268034,40.807520233118488
"Noise - Park,NONCONST,PAINT - PLASTER",-73.937724947522128,40.664463143903113
"Homeless Person Assistance,Unsanitary Pigeon Condition,Noise",-73.977574954662757,40.747128412812813
"Unsanitary Animal Pvt Property,Standing Water,OUTSIDE BUILDING",-73.899749356457775,40.729644584617624
"Unsanitary Animal Pvt Property,PAINT - PLASTER,Noise - Park",-73.778661106595877,40.736149766235613
"Standing Water,PAINT - PLASTER,NONCONST",-74.108472170440521,40.563006087496532
"HEATING,Municipal Parking Facility,PLUMBING",-73.882010326196848,40.88175440903342
"PAINT - PLASTER,Unsanitary Animal Pvt Property,Noise - Street/Sidewalk",-73.964549637736312,40.577765349633644
"Unsanitary Pigeon Condition,Unsanitary Animal Pvt Property,Blocked Driveway",-73.819167682740613,40.674409620413442
"ELEVATOR,Noise - Park,PAINT - PLASTER",-73.960047640697752,40.654416272817237
"Unsanitary Animal Pvt Property,Illegal Parking,Standing Water",-73.809894889283058,40.816884789516429
"Noise - Street/Sidewalk,NONCONST,HEATING",-73.946590994945126,40.792355469921134
"Traffic,Rodent,Taxi Report",-73.967323326296764,40.757352064910002
"PAINT - PLASTER,Blocked Driveway,Street Condition",-73.80889158828154,40.759398280042305
"Unsanitary Pigeon Condition,Rodent,Unsanitary Animal Pvt Property",-74.008273675366155,40.718530104881026
"OUTSIDE BUILDING,Noise - Park,NONCONST",-73.915402253919495,40.822135865878629
"Standing Water,Unsanitary Animal Pvt Property,Unsanitary Pigeon Condition",-74.194332807316115,40.549499023193547
"Highway Condition,Unsanitary Animal Pvt Property,Sidewalk Condition",-73.907660477396448,40.601858245803989
"Unsanitary Pigeon Condition,Unsanitary Animal Pvt Property,Rodent",-73.904773738540257,40.745521457491165
"Noise - Commercial,Drinking,Plant",-73.825747320278111,40.582637550003511
"PAINT - PLASTER,NONCONST,Curb Condition",-73.849482328994696,40.842016595538674
"DPR Internal,Broken Muni Meter,Noise - Commercial",-73.986080967920159,40.770359313132545
"Unsanitary Animal Pvt Property,NONCONST,HEATING",-73.859307015977279,40.851761666042407
"Derelict Vehicle,Unsanitary Animal Pvt Property,Traffic Signal Condition",-73.733950557620915,40.688934715822661
"GENERAL CONSTRUCTION,PAINT - PLASTER,ELEVATOR",-73.946768324441237,40.638090619068898
"Unsanitary Animal Pvt Property,OUTSIDE BUILDING,Street Sign - Damaged",-73.816169429793391,40.714674377159362
"Blocked Driveway,HEATING,Unsanitary Animal Pvt Property",-73.797194557345549,40.687086897779565
"GENERAL CONSTRUCTION,Unsanitary Animal Pvt Property,HEATING",-73.927710202805159,40.634200357445891
"GENERAL CONSTRUCTION,PAINT - PLASTER,HEATING",-73.894314191848693,40.861518358365387
"Noise - House of Worship,GENERAL CONSTRUCTION,PAINT - PLASTER",-73.863331738356379,40.756670157653993
"For Hire Vehicle Complaint,Unsanitary Animal Pvt Property,Unsanitary Pigeon Condition",-73.925035045087043,40.739713859158556
"Unsanitary Pigeon Condition,Unsanitary Animal Pvt Property,Blocked Driveway",-73.816191153584981,40.688988846895832
"Unsanitary Animal Pvt Property,Standing Water,Request Xmas Tree Collection",-73.732455102053791,40.659590845060237
"HEATING,Illegal Parking,Standing Water",-73.984018635729583,40.615953337867595
"Noise - Commercial,Standing Water,Rodent",-73.891725944466785,40.679958811029707
"Noise - Street/Sidewalk,HEATING,Noise - Vehicle",-73.920976434258705,40.841335955326116
"Unsanitary Animal Pvt Property,Violation of Park Rules,Vector",-73.825476235439297,40.74462652099696
"Standing Water,Illegal Parking,GENERAL CONSTRUCTION",-73.821375973437085,40.772412607707437
"Noise - Park,Noise,Bridge Condition",-73.950010259320862,40.747229963506925
"GENERAL CONSTRUCTION,NONCONST,PAINT - PLASTER",-73.928188522118674,40.670219698205877
"PAINT - PLASTER,GENERAL CONSTRUCTION,Unsanitary Pigeon Condition",-73.879137092922491,40.666604231826867
"HEATING,Noise - Park,GENERAL CONSTRUCTION",-73.897107242492098,40.884211042928506
"Standing Water,Unsanitary Animal Pvt Property,Rodent",-74.135965458435834,40.608314641624958
"Noise - Vehicle,Rodent,Unsanitary Animal Pvt Property",-73.900026572039408,40.699834841984107
"Noise,Homeless Encampment,Noise - Commercial",-73.958671916890637,40.772072711306947
"GENERAL CONSTRUCTION,PAINT - PLASTER,NONCONST",-73.848413372723996,40.69523448300054
"Standing Water,Rodent,Unsanitary Animal Pvt Property",-74.099163810868561,40.631156542663739
"HEATING,Blocked Driveway,Smoking",-73.977881555676788,40.608041409275735
"Standing Water,Unsanitary Animal Pvt Property,Unsanitary Pigeon Condition",-74.158145052359046,40.552898809700459
"Unsanitary Pigeon Condition,Standing Water,Unsanitary Animal Pvt Property",-73.784032449479312,40.774637460520381
"Noise,Noise - Helicopter,Taxi Complaint",-73.994478194379752,40.692097380414893
"Noise - Commercial,Graffiti,Noise - Vehicle",-73.986716937715045,40.717965469132295
"NONCONST,GENERAL CONSTRUCTION,PAINT - PLASTER",-73.760537366808791,40.602000991994728
"Noise - Commercial,Noise - House of Worship,Rodent",-73.957608286594578,40.682624920053506
"Standing Water,Unsanitary Animal Pvt Property,Unsanitary Pigeon Condition",-74.162590622308144,40.612447357720299
"PAINT - PLASTER,NONCONST,Rodent",-74.166238186136567,40.6336105028034
"Noise - Commercial,Noise - Street/Sidewalk,PAINT - PLASTER",-73.867383320009282,40.83442012764646
"Unsanitary Pigeon Condition,Unsanitary Animal Pvt Property,HEATING",-73.751720793110792,40.725864443707863
"Standing Water,Noise - Park,Drinking",-73.93028625021978,40.769928156891652
"Noise - Helicopter,Homeless Person Assistance,Noise - Commercial",-73.983586090719371,40.739659211974022
"Unsanitary Animal Pvt Property,Urinating in Public,Noise - Commercial",-73.782162256279875,40.710150272692772
"Blocked Driveway,Vector,Standing Water",-74.071546084109414,40.613083558224503
"Illegal Parking,Standing Water,Rodent",-73.846785236610245,40.789828257100709
