Actual,AGENCY,Construction,Consumer Complaint,Elevator,Fire Safety Director - F58,Graffiti,Missed Collection (All Materials),Root/Sewer/Sidewalk Condition,Street Light Condition,Water Conservation,All
AGENCY,0,0,0,0,0,0,1,0,0,0,1
APPLIANCE,0,738,2,76,526,19,25,1,0,0,1387
Adopt-A-Basket,0,20,0,2,8,0,2,0,0,0,32
Air Quality,2,2233,2,188,1926,58,154,23,1,0,4587
Animal Abuse,3,2126,2,142,847,68,257,46,1,0,3492
Animal Facility - No Permit,0,42,0,3,7,0,3,1,0,0,56
Animal in a Park,0,158,0,11,86,3,21,6,0,0,285
Asbestos,1,995,4,109,783,34,62,27,0,0,2015
BEST/Site Safety,0,350,0,19,142,7,16,0,0,0,534
Beach/Pool/Sauna Complaint,0,72,0,3,33,2,13,4,0,0,127
Bike Rack Condition,0,50,0,1,31,1,0,0,0,0,83
Bike/Roller/Skate Chronic,0,92,0,13,118,0,3,0,0,0,226
Blocked Driveway,1,2609,1,46,349,73,124,10,0,0,3213
Boilers,0,602,1,74,531,27,31,1,0,0,1267
Bottled Water,0,9,0,1,3,0,0,0,0,0,13
Bridge Condition,0,214,2,17,89,16,7,0,0,0,345
Broken Muni Meter,0,2811,3,211,1886,170,98,34,0,0,5213
Broken Parking Meter,0,260,0,12,200,8,9,3,0,0,492
Building Condition,0,1,0,1,1,0,0,0,0,0,3
Building/Use,2,3447,2,71,544,65,251,33,0,0,4415
Bus Stop Shelter Placement,0,81,0,9,51,2,13,0,0,0,156
Calorie Labeling,0,2,0,0,7,0,3,0,0,0,12
City Vehicle Placard Complaint,0,154,0,11,77,7,13,1,0,0,263
Collection Truck Noise,0,31,0,3,30,3,3,2,0,0,72
Construction,0,4747,1,4,47,122,32,1,0,0,4954
Consumer Complaint,1,2436,9,158,1453,91,118,18,0,0,4284
Cranes and Derricks,0,121,0,18,161,6,11,1,0,0,318
Curb Condition,0,704,0,18,80,19,25,1,0,0,847
DOF Parking - Tax Exemption,0,34,0,104,744,0,15,0,0,0,897
DOF Property - Reduction Issue,0,1092,0,77,650,25,16,5,0,0,1865
DOOR/WINDOW,0,1878,0,257,1553,67,89,6,0,0,3850
DPR Internal,0,100,0,18,142,4,17,4,0,0,285
Damaged Tree,5,3672,3,51,437,56,469,119,0,0,4812
Dead Tree,5,4008,2,114,718,55,568,109,0,0,5579
Derelict Bicycle,0,532,0,20,389,6,11,0,0,0,958
Derelict Vehicle,4,3561,3,31,305,104,354,73,0,0,4435
Derelict Vehicles,3,3437,5,55,404,116,229,31,0,0,4280
Dirty Conditions,1,3113,0,88,869,56,405,48,0,0,4580
Disorderly Youth,0,44,0,1,23,1,6,2,0,0,77
Drinking,0,221,0,7,89,3,10,15,0,0,345
Drinking Water,0,61,0,8,39,1,7,2,0,0,118
EAP Inspection - F59,0,152,1,46,963,4,16,2,0,0,1184
ELECTRIC,1,1675,1,191,1034,30,85,3,0,0,3020
ELEVATOR,0,66,0,3,51,0,1,0,0,0,121
Electrical,1,2050,2,130,932,23,122,42,0,0,3302
Elevator,0,1886,2,283,1968,65,62,7,0,0,4273
Emergency Response Team (ERT),0,170,0,0,16,1,0,0,0,0,187
FLOORING/STAIRS,0,1582,2,203,1304,51,58,8,0,0,3208
Fire Alarm - Addition,0,6,0,3,19,1,0,0,0,0,29
Fire Alarm - Modification,0,12,0,7,149,3,0,0,0,0,171
Fire Alarm - New System,0,71,0,8,67,4,7,0,0,0,157
Fire Alarm - Reinspection,0,142,0,15,187,4,6,1,0,0,355
Fire Alarm - Replacement,0,6,0,1,9,0,1,0,0,0,17
Fire Safety Director - F58,0,684,2,133,3516,26,69,0,0,0,4430
Foam Ban Enforcement,0,0,0,1,0,0,0,0,0,0,1
Food Establishment,0,1864,1,129,1465,47,162,28,0,0,3696
Food Poisoning,0,1000,0,79,962,27,75,11,0,0,2154
For Hire Vehicle Complaint,0,954,2,65,644,37,54,8,0,0,1764
For Hire Vehicle Report,0,51,0,1,44,1,4,0,0,0,101
Forensic Engineering,0,2,0,0,0,0,0,0,0,0,2
Found Property,0,60,0,5,158,4,2,0,0,0,229
GENERAL,0,1162,0,174,1315,29,56,2,0,0,2738
General Construction/Plumbing,2,3072,4,155,1496,64,264,46,0,1,5104
Graffiti,0,3223,3,173,895,99,96,9,0,0,4498
HEAT/HOT WATER,0,1042,2,146,1028,41,75,1,0,0,2335
Harboring Bees/Wasps,0,112,1,6,26,3,19,7,0,0,174
Hazardous Materials,1,1297,1,60,564,29,147,21,0,0,2120
Hazmat Storage/Use,0,6,0,0,3,0,0,0,0,0,9
Highway Condition,1,2648,4,131,662,89,314,40,0,0,3889
Highway Sign - Damaged,0,5,0,0,1,0,1,0,0,0,7
Highway Sign - Dangling,0,0,0,0,0,1,1,0,0,0,2
Highway Sign - Missing,0,1,0,0,1,1,1,0,0,0,4
Homeless Encampment,0,840,3,90,1315,17,53,5,0,0,2323
Homeless Person Assistance,0,415,0,68,898,5,34,1,0,0,1421
Illegal Animal Kept as Pet,0,135,0,4,32,3,13,8,0,0,195
Illegal Animal Sold,0,20,0,1,2,1,1,0,0,0,25
Illegal Fireworks,0,40,0,1,4,1,1,1,0,0,48
Illegal Parking,0,2347,0,93,771,53,188,29,0,0,3481
Illegal Tree Damage,2,1245,2,43,464,32,141,25,0,0,1954
Indoor Air Quality,0,1594,3,185,1533,50,73,5,0,0,3443
Indoor Sewage,0,661,0,42,276,15,41,8,0,0,1043
Industrial Waste,1,731,0,20,251,27,118,26,0,0,1174
Investigations and Discipline (IAD),0,330,0,18,142,4,22,2,0,0,518
Lead,0,944,2,37,410,16,55,6,0,0,1470
Legal Services Provider Complaint,0,12,0,0,4,0,0,0,0,0,16
Lifeguard,0,7,0,0,2,1,1,0,0,0,11
Literature Request,0,16,0,1,3,1,5,0,0,0,26
Litter Basket / Request,1,1297,2,80,703,26,132,40,0,0,2281
Maintenance or Facility,3,1787,0,119,947,53,189,32,0,0,3130
Miscellaneous Categories,0,32,0,6,58,5,3,0,0,0,104
Missed Collection (All Materials),25,4742,2,110,921,73,1194,160,0,1,7228
Mold,0,179,0,8,102,4,36,18,0,0,347
Municipal Parking Facility,0,57,0,1,26,3,4,0,0,0,91
NONCONST,0,3,0,0,2,0,0,0,0,0,5
Noise,1,1607,2,171,1256,37,124,22,0,0,3220
Noise - Commercial,0,470,4,25,221,8,11,1,0,0,740
Noise - Helicopter,0,170,0,65,459,0,19,1,0,0,714
Noise - House of Worship,0,238,1,16,85,9,5,0,0,0,354
Noise - Park,0,556,3,27,277,2,19,4,0,0,888
Noise - Street/Sidewalk,0,224,1,29,240,5,13,0,0,0,512
Noise - Vehicle,0,633,1,57,368,17,45,4,0,0,1125
Non-Residential Heat,0,802,2,55,675,33,32,6,0,0,1605
OUTSIDE BUILDING,0,105,0,9,79,0,5,0,0,0,198
Open Flame Permit,0,5,0,1,26,0,0,0,0,0,32
Other Enforcement,1,3052,2,109,1240,54,318,58,0,0,4834
Overflowing Litter Baskets,0,474,1,21,332,12,57,6,0,0,903
Overflowing Recycling Baskets,0,21,0,2,15,1,6,0,0,0,45
Overgrown Tree/Branches,10,4164,5,54,421,86,628,128,1,0,5497
PAINT/PLASTER,1,2490,1,287,2080,51,65,1,0,0,4976
PLUMBING,0,2226,0,294,1875,53,103,11,0,0,4562
Panhandling,0,40,0,5,59,1,6,1,0,0,112
Plant,0,119,1,1,8,5,5,1,0,0,140
Plumbing,3,2176,6,135,1125,57,169,29,0,0,3700
Poison Ivy,0,52,0,1,14,5,53,8,0,0,133
Posting Advertisement,0,50,0,3,24,0,4,0,0,0,81
Public Assembly,0,7,0,1,9,1,0,0,0,0,18
Public Assembly - Temporary,0,1,0,0,3,0,0,0,0,0,4
Public Payphone Complaint,0,111,0,14,225,0,8,3,0,0,361
Public Toilet,0,11,0,0,11,0,0,1,0,0,23
Radioactive Material,0,2,0,0,3,0,2,0,0,0,7
Rangehood,0,1,0,0,2,0,0,0,0,0,3
Recycling Enforcement,0,374,1,20,157,5,20,4,0,0,581
Request Xmas Tree Collection,2,283,0,5,50,7,62,11,0,0,420
Rodent,0,209,0,11,97,0,28,8,0,0,353
Root/Sewer/Sidewalk Condition,7,4256,5,57,336,93,838,132,0,0,5724
SAFETY,0,508,0,61,385,20,23,5,0,0,1002
Sanitation Condition,6,3419,0,98,731,74,449,83,0,1,4861
Scaffold Safety,0,86,0,13,87,3,1,1,0,0,191
School Maintenance,2,702,0,41,365,33,72,5,0,0,1220
Senior Center Complaint,0,145,0,10,95,3,5,1,0,0,259
Sewer,2,3177,0,78,559,63,352,81,0,0,4312
Sidewalk Condition,2,2295,0,127,1480,65,207,32,0,0,4208
Smoking,0,470,2,25,438,21,24,3,0,0,983
Snow,4,3229,1,86,663,97,600,78,0,0,4758
Special Enforcement,0,3963,3,121,908,160,240,17,0,0,5412
Special Natural Area District (SNAD),1,9,0,0,3,0,38,3,0,0,54
Special Projects Inspection Team (SPIT),0,1565,3,72,1045,17,66,16,0,0,2784
Sprinkler - Mechanical,0,0,0,1,7,0,0,0,0,0,8
Squeegee,0,1,0,1,1,0,0,0,0,0,3
Stalled Sites,0,20,0,0,8,1,1,0,0,0,30
Standing Water,0,4,0,0,0,0,3,0,0,0,7
Standpipe - Mechanical,0,0,0,0,4,0,0,0,0,0,4
Street Condition,8,2836,0,72,925,74,548,76,0,0,4539
Street Light Condition,3,4042,1,33,266,97,318,44,0,1,4805
Street Sign - Damaged,2,2247,2,57,674,55,212,30,0,0,3279
Street Sign - Dangling,1,848,0,17,261,25,100,26,0,0,1278
Street Sign - Missing,1,2342,1,65,463,47,228,50,0,0,3197
Sweeping/Inadequate,0,407,1,8,46,10,4,1,0,0,477
Sweeping/Missed,0,1070,3,30,232,24,11,2,0,0,1372
Sweeping/Missed-Inadequate,0,81,0,5,21,1,1,0,0,0,109
Tanning,0,3,0,0,0,1,0,1,0,0,5
Tattooing,0,23,0,3,21,0,3,0,0,0,50
Taxi Complaint,0,807,4,136,1692,27,20,1,0,0,2687
Taxi Report,0,166,0,34,428,9,7,0,0,0,644
Traffic,2,1644,5,91,876,35,176,19,1,0,2849
Traffic Signal Condition,2,2706,6,15,268,81,225,37,0,0,3340
Trans Fat,0,0,0,0,0,0,1,0,0,0,1
Transportation Provider Complaint,0,6,0,1,3,0,0,0,0,0,10
UNSANITARY CONDITION,3,2547,0,270,1760,51,109,9,0,0,4749
Unleashed Dog,0,256,1,13,83,4,59,7,0,0,423
Unsanitary Animal Facility,0,59,0,1,18,2,5,0,0,0,85
Unsanitary Animal Pvt Property,0,24,0,1,7,1,3,2,0,0,38
Unsanitary Pigeon Condition,0,3,2,0,2,0,1,0,0,0,8
Urinating in Public,0,150,0,14,112,5,11,1,0,0,293
Vacant Lot,6,1216,1,24,215,23,246,70,0,0,1801
Vending,0,970,1,187,1745,37,43,4,0,0,2987
Violation of Park Rules,0,109,1,17,108,5,9,2,0,0,251
WATER LEAK,1,1759,1,191,1422,42,65,2,0,0,3483
Water Conservation,3,3335,1,80,652,98,661,205,0,1,5036
Water Quality,3,536,0,34,252,10,84,12,1,0,932
Water System,1,1816,2,127,1097,40,166,27,0,0,3276
Window Guard,0,22,0,1,9,2,0,0,0,0,34
X-Ray Machine/Equipment,0,6,0,1,3,0,0,0,0,0,10
All,144,165851,162,8864,76935,4274,15535,2622,5,5,274397
