Actual,GENERAL CONSTRUCTION,Illegal Parking,Industrial Waste,Noise - Street/Sidewalk,Standing Water,Unsanitary Animal Pvt Property,Water System,All
AGENCY,0,0,0,0,0,2,0,2
APPLIANCE,15,7,0,311,59,7076,0,7468
Adopt-A-Basket,0,0,0,4,0,0,0,4
Air Quality,0,9,0,1226,0,8,0,1243
Animal Abuse,0,72,0,2045,0,8,0,2125
Animal Facility - No Permit,0,0,0,14,0,0,0,14
Animal in a Park,0,4,0,60,0,0,0,64
Asbestos,0,6,0,273,0,0,0,279
BEST/Site Safety,0,1,0,57,0,0,0,58
Beach/Pool/Sauna Complaint,0,4,0,29,0,0,0,33
Bike Rack Condition,0,0,0,14,0,0,0,14
Bike/Roller/Skate Chronic,0,5,0,137,0,0,0,142
Blocked Driveway,0,40,0,2782,0,8,0,2830
Boilers,0,4,0,492,0,3,0,499
Bottled Water,0,0,0,2,0,0,0,2
Bridge Condition,0,1,0,108,0,0,0,109
Broken Muni Meter,0,13,0,367,0,1,0,381
Broken Parking Meter,0,0,0,28,0,0,0,28
Building/Use,0,43,0,1291,0,2,0,1336
Bus Stop Shelter Placement,0,0,0,30,0,0,0,30
CONSTRUCTION,1,0,0,0,5,366,0,372
Calorie Labeling,0,0,0,1,0,0,0,1
City Vehicle Placard Complaint,0,1,0,43,0,0,0,44
Collection Truck Noise,0,2,0,91,0,0,0,93
Construction,0,10,0,597,0,4,0,611
Consumer Complaint,0,9,0,975,0,1,0,985
Cranes and Derricks,0,0,0,25,0,0,0,25
Curb Condition,0,4,0,284,0,1,0,289
DOF Parking - Tax Exemption,0,0,0,4,0,0,0,4
DOF Property - Reduction Issue,0,1,0,8,0,0,0,9
DOOR/WINDOW,3,12,0,872,8,1966,0,2861
DPR Internal,0,4,0,151,0,0,0,155
Damaged Tree,0,38,0,920,0,1,0,959
Dead Tree,0,49,0,565,0,2,0,616
Derelict Bicycle,0,2,0,264,0,0,0,266
Derelict Vehicle,0,44,0,1164,0,1,2,1211
Derelict Vehicles,0,24,0,1313,0,1,0,1338
Dirty Conditions,0,78,0,1290,0,0,1,1369
Disorderly Youth,0,8,0,223,0,0,1,232
Drinking,0,10,0,767,0,3,0,780
Drinking Water,0,0,0,21,0,0,0,21
EAP Inspection - F59,0,0,0,52,0,0,0,52
ELECTRIC,4,11,0,1283,16,2744,0,4058
ELEVATOR,0,0,0,52,12,1018,0,1082
Electrical,0,13,0,383,0,2,0,398
Elevator,0,25,0,1322,0,3,3,1353
Emergency Response Team (ERT),0,1,0,97,0,1,0,99
FLOORING/STAIRS,5,4,0,616,22,3746,0,4393
Fire Alarm - Addition,0,0,0,1,0,0,1,2
Fire Alarm - Modification,0,0,0,6,0,0,0,6
Fire Alarm - New System,0,1,0,19,0,0,0,20
Fire Alarm - Reinspection,0,0,0,24,0,1,0,25
Fire Safety Director - F58,0,1,0,266,0,1,0,268
Foam Ban Enforcement,0,0,0,2,0,0,0,2
Food Establishment,0,34,0,1852,0,2,0,1888
Food Poisoning,0,18,0,752,0,1,0,771
For Hire Vehicle Complaint,0,15,0,952,0,1,0,968
For Hire Vehicle Report,0,1,0,65,0,0,0,66
Found Property,0,0,0,139,0,1,0,140
GENERAL,5,5,0,856,18,3918,0,4802
GENERAL CONSTRUCTION,39,0,0,0,49,9911,0,9999
General Construction/Plumbing,0,31,0,772,0,1,0,804
Graffiti,0,9,0,874,0,4,0,887
HEAT/HOT WATER,2,4,1,1190,16,4038,0,5251
HEATING,10,0,0,0,33,9956,0,9999
Harboring Bees/Wasps,0,0,0,33,0,0,0,33
Hazardous Materials,0,19,0,623,0,5,0,647
Hazmat Storage/Use,0,0,0,1,0,0,0,1
Highway Condition,0,7,0,1406,0,4,0,1417
Highway Sign - Damaged,0,0,0,5,0,0,0,5
Highway Sign - Dangling,0,0,0,1,0,0,0,1
Homeless Encampment,0,10,0,989,0,2,0,1001
Homeless Person Assistance,0,9,0,1212,0,1,0,1222
Illegal Animal Kept as Pet,0,2,0,47,0,0,0,49
Illegal Animal Sold,0,1,0,6,0,0,0,7
Illegal Fireworks,0,7,0,237,0,0,0,244
Illegal Parking,0,192,0,2624,0,9,4,2829
Illegal Tree Damage,0,14,0,440,0,2,0,456
Indoor Air Quality,0,17,0,1472,0,3,0,1492
Indoor Sewage,0,11,0,262,0,0,0,273
Industrial Waste,0,14,0,273,0,8,0,295
Investigations and Discipline (IAD),0,0,0,28,0,0,0,28
Lead,0,9,0,616,0,2,3,630
Legal Services Provider Complaint,0,0,0,1,0,0,0,1
Lifeguard,0,2,0,3,0,0,0,5
Literature Request,0,1,0,6,0,0,0,7
Litter Basket / Request,0,4,0,404,0,0,0,408
Maintenance or Facility,0,25,0,712,0,0,0,737
Missed Collection (All Materials),0,28,0,441,0,2,0,471
Mold,0,2,0,72,0,0,0,74
Municipal Parking Facility,0,0,0,12,0,0,0,12
NONCONST,24,0,3,1,69,9889,0,9986
Noise,0,52,0,3066,0,11,0,3129
Noise - Commercial,0,177,0,6372,0,30,0,6579
Noise - Helicopter,0,5,0,608,0,4,0,617
Noise - House of Worship,0,4,0,830,0,2,0,836
Noise - Park,0,66,0,3204,0,11,1,3282
Noise - Street/Sidewalk,0,57,0,6633,0,34,1,6725
Noise - Vehicle,0,26,0,5057,0,21,0,5104
Non-Residential Heat,0,6,0,290,0,1,0,297
OUTSIDE BUILDING,19,1,0,33,15,2101,0,2169
Open Flame Permit,0,0,0,6,0,0,0,6
Other Enforcement,0,42,0,960,0,2,0,1004
Overflowing Litter Baskets,0,4,0,158,0,0,0,162
Overflowing Recycling Baskets,0,0,0,4,0,0,0,4
Overgrown Tree/Branches,0,39,0,629,0,2,0,670
PAINT - PLASTER,20,0,0,0,47,9932,0,9999
PAINT/PLASTER,0,11,0,1017,0,0,0,1028
PLUMBING,0,18,0,1294,0,91,0,1403
Panhandling,0,0,0,52,0,0,0,52
Plant,0,0,0,133,0,0,0,133
Plumbing,0,11,0,418,0,0,0,429
Poison Ivy,0,3,0,9,0,0,0,12
Posting Advertisement,0,5,0,26,0,0,0,31
Public Assembly,0,0,0,0,0,1,0,1
Public Payphone Complaint,0,3,0,98,0,0,0,101
Public Toilet,0,0,0,17,0,0,0,17
Recycling Enforcement,0,9,0,338,0,1,0,348
Request Xmas Tree Collection,0,4,0,34,0,0,0,38
Rodent,148,5,6,172,91,8862,0,9284
Root/Sewer/Sidewalk Condition,0,33,0,569,0,1,0,603
SAFETY,14,9,1,277,39,7712,0,8052
Sanitation Condition,0,47,0,1000,0,0,1,1048
Scaffold Safety,0,1,0,27,0,0,0,28
School Maintenance,0,5,0,253,0,0,0,258
Senior Center Complaint,0,0,0,14,0,0,0,14
Sewer,0,73,0,1032,0,7,0,1112
Sidewalk Condition,0,10,0,673,0,2,0,685
Smoking,0,5,0,775,0,4,0,784
Snow,0,49,0,1090,0,0,0,1139
Special Enforcement,0,0,0,8,0,0,0,8
Special Natural Area District (SNAD),0,1,0,0,0,0,0,1
Special Projects Inspection Team (SPIT),0,20,0,706,0,2,0,728
Sprinkler - Mechanical,0,0,0,2,0,0,0,2
Stalled Sites,0,1,0,0,0,0,0,1
Standing Water,346,1,10,2,88,2702,0,3149
Street Condition,0,47,0,1088,0,8,0,1143
Street Light Condition,0,93,0,1768,0,5,0,1866
Street Sign - Damaged,0,35,0,1603,0,5,0,1643
Street Sign - Dangling,0,10,0,325,0,1,0,336
Street Sign - Missing,0,37,0,883,0,1,0,921
Sweeping/Inadequate,0,0,0,20,0,0,0,20
Sweeping/Missed,0,2,0,78,0,0,0,80
Sweeping/Missed-Inadequate,0,0,0,5,0,0,0,5
Tanning,0,0,0,2,0,0,0,2
Tattooing,0,1,0,19,0,0,0,20
Taxi Complaint,0,7,0,2581,0,3,0,2591
Taxi Report,0,2,0,505,0,3,0,510
Traffic,0,12,0,761,0,2,0,775
Traffic Signal Condition,1,64,0,1679,0,5,0,1749
Trans Fat,0,0,0,2,0,0,0,2
Transportation Provider Complaint,0,1,0,1,0,0,0,2
UNSANITARY CONDITION,0,10,0,1266,0,5,0,1281
Unleashed Dog,0,3,0,140,0,1,0,144
Unsanitary Animal Facility,0,0,0,16,0,0,0,16
Unsanitary Animal Pvt Property,161,0,4,11,75,3506,0,3757
Unsanitary Pigeon Condition,20,1,0,0,16,909,0,946
Urinating in Public,0,2,0,181,0,1,0,184
VACANT APARTMENT,0,0,0,0,0,3,0,3
Vacant Lot,0,18,0,248,0,0,0,266
Vector,27,0,0,0,6,190,0,223
Vending,0,1,0,476,0,2,0,479
Violation of Park Rules,0,5,0,87,0,0,0,92
WATER LEAK,1,4,0,975,14,2463,0,3457
Water Conservation,0,46,0,709,0,2,1,758
Water Quality,0,14,0,251,0,1,0,266
Water System,0,15,0,1937,0,12,6,1970
Window Guard,0,0,0,13,0,0,0,13
X-Ray Machine/Equipment,0,0,0,1,0,0,0,1
All,865,2285,25,97867,698,93394,25,195159
