Actual,Blocked Driveway,Highway Condition,Illegal Parking,Noise,Noise - Commercial,Noise - Street/Sidewalk,Noise - Vehicle,Sanitation Condition,Sewer,Taxi Complaint,All
APPLIANCE,13,62,6,1,4,1,26,0,15,0,128
Adopt-A-Basket,0,2,0,0,1,0,0,0,0,0,3
Air Quality,61,432,46,9,25,8,80,0,140,0,801
Animal Abuse,38,246,38,8,36,35,130,0,83,0,614
Animal Facility - No Permit,0,1,0,0,0,1,4,0,0,0,6
Animal in a Park,0,28,2,2,1,0,1,0,7,0,41
Asbestos,2,79,9,1,2,0,10,0,21,0,124
BEST/Site Safety,2,27,0,0,0,0,1,0,10,0,40
Beach/Pool/Sauna Complaint,0,8,1,0,0,1,1,0,2,0,13
Bike Rack Condition,0,4,0,0,0,0,0,0,0,0,4
Bike/Roller/Skate Chronic,2,12,0,2,2,0,1,0,0,0,19
Blocked Driveway,136,581,77,39,42,50,216,2,233,0,1376
Boilers,28,136,26,4,20,10,73,0,42,0,339
Bottled Water,1,0,0,0,0,0,0,0,0,0,1
Bridge Condition,6,43,5,1,1,1,6,1,11,0,75
Broken Muni Meter,7,66,3,2,0,1,6,0,21,0,106
Broken Parking Meter,2,3,2,2,0,0,0,0,0,0,9
Building/Use,49,215,35,3,11,8,79,0,108,0,508
Bus Stop Shelter Placement,2,8,1,0,0,0,5,0,1,0,17
City Vehicle Placard Complaint,2,27,3,0,0,0,2,0,6,0,40
Collection Truck Noise,9,36,1,2,5,7,26,0,22,0,108
Construction,12,82,6,1,8,5,24,0,37,0,175
Consumer Complaint,18,122,9,7,9,14,33,3,40,0,255
Cranes and Derricks,0,5,2,0,2,0,1,0,2,0,12
Curb Condition,10,33,4,3,2,3,14,0,12,0,81
DOF Parking - Tax Exemption,0,2,0,0,0,0,0,0,0,0,2
DOF Property - Reduction Issue,0,4,0,0,0,0,0,0,1,0,5
DOOR/WINDOW,47,164,17,1,15,11,83,0,66,0,404
DPR Internal,1,3,0,1,2,1,5,0,4,0,17
Damaged Tree,38,349,34,8,6,5,28,3,92,0,563
Dead Tree,22,187,20,0,4,4,23,0,51,0,311
Derelict Bicycle,8,58,8,2,0,1,4,0,19,0,100
Derelict Vehicle,56,369,40,7,8,11,54,1,98,0,644
Derelict Vehicles,55,499,85,14,16,20,70,0,153,0,912
Dirty Conditions,34,368,38,12,21,9,68,1,135,0,686
Disorderly Youth,1,0,0,0,1,2,5,0,0,0,9
Drinking,35,34,5,3,29,13,80,0,29,0,228
Drinking Water,1,1,0,0,2,0,1,0,0,0,5
EAP Inspection - F59,8,20,5,0,0,0,1,1,15,0,50
ELECTRIC,28,171,17,4,27,15,90,0,59,0,411
ELEVATOR,3,13,0,0,2,3,6,0,5,0,32
Electrical,13,99,11,6,2,2,23,0,25,0,181
Elevator,51,272,31,6,11,10,47,0,61,0,489
Emergency Response Team (ERT),3,20,4,2,0,0,1,0,8,0,38
FLOORING/STAIRS,8,106,11,2,11,8,42,0,35,0,223
Fire Alarm - Addition,0,1,0,0,0,0,1,0,0,0,2
Fire Alarm - Modification,1,1,0,0,0,0,0,0,0,0,2
Fire Alarm - New System,3,4,0,0,0,2,3,0,0,0,12
Fire Alarm - Reinspection,3,9,1,0,0,0,6,0,3,0,22
Fire Alarm - Replacement,0,0,0,0,0,2,1,0,0,0,3
Fire Safety Director - F58,10,129,12,0,1,4,9,1,46,0,212
Food Establishment,44,207,27,3,41,26,131,1,54,0,534
Food Poisoning,21,101,14,3,15,13,66,1,38,0,272
For Hire Vehicle Complaint,34,113,9,4,27,18,84,0,34,1,324
For Hire Vehicle Report,0,4,1,1,0,0,4,0,2,0,12
Found Property,1,10,1,2,0,3,18,0,4,0,39
GENERAL,18,132,19,4,11,7,46,0,45,0,282
Gas Station Discharge Lines,1,0,0,0,0,0,0,0,0,0,1
General Construction/Plumbing,16,239,24,6,21,8,27,1,60,0,402
Graffiti,20,127,25,3,8,6,19,0,38,0,246
HEAT/HOT WATER,56,309,35,9,17,7,73,1,87,0,594
Harboring Bees/Wasps,0,7,1,1,0,0,3,0,4,0,16
Hazardous Materials,35,186,19,13,14,6,56,1,66,0,396
Highway Condition,68,592,79,14,23,12,98,2,198,0,1086
Homeless Encampment,65,400,31,5,15,14,72,2,140,0,744
Homeless Person Assistance,36,234,25,11,12,6,52,3,64,0,443
Illegal Animal Kept as Pet,6,19,3,0,1,1,3,0,10,0,43
Illegal Animal Sold,0,2,1,0,0,0,0,0,0,0,3
Illegal Fireworks,0,4,1,0,2,2,12,0,2,0,23
Illegal Parking,82,505,60,15,38,20,186,4,170,0,1080
Illegal Tree Damage,12,102,10,1,7,3,17,0,27,0,179
Indoor Air Quality,36,180,24,6,17,22,99,2,59,0,445
Indoor Sewage,4,47,5,0,3,2,12,0,12,0,85
Industrial Waste,8,67,5,4,3,7,15,0,23,0,132
Investigations and Discipline (IAD),0,3,0,1,1,1,2,0,2,0,10
Lead,11,62,7,1,4,4,33,0,27,0,149
Legal Services Provider Complaint,0,1,0,0,0,0,0,0,0,0,1
Literature Request,0,6,0,0,0,2,3,0,0,0,11
Litter Basket / Request,19,130,14,3,2,2,33,0,29,0,232
Maintenance or Facility,19,246,20,3,5,3,31,2,64,0,393
Miscellaneous Categories,0,12,0,0,0,0,0,0,0,0,12
Missed Collection (All Materials),9,101,10,2,1,2,7,1,20,0,153
Mold,1,13,1,1,0,1,4,0,1,0,22
Municipal Parking Facility,1,4,1,0,0,0,1,0,2,0,9
NONCONST,0,0,0,0,0,0,0,0,2,0,2
Noise,97,630,62,19,60,50,277,1,221,0,1417
Noise - Commercial,61,153,17,6,182,128,537,0,96,0,1180
Noise - Helicopter,27,208,23,7,13,13,54,2,61,0,408
Noise - House of Worship,13,29,4,5,19,9,39,0,19,0,137
Noise - Park,17,73,7,5,33,40,121,1,23,0,320
Noise - Street/Sidewalk,83,84,8,16,134,123,542,0,86,1,1077
Noise - Vehicle,140,243,34,35,116,108,529,1,144,1,1351
Non-Residential Heat,9,73,8,4,5,1,16,1,15,0,132
OUTSIDE BUILDING,0,3,0,1,1,2,2,0,3,0,12
Open Flame Permit,0,0,0,0,0,0,0,0,1,0,1
Other Enforcement,48,318,26,4,9,7,53,1,102,0,568
Overflowing Litter Baskets,15,88,20,7,2,2,15,1,17,0,167
Overflowing Recycling Baskets,0,5,0,0,0,0,0,0,1,0,6
Overgrown Tree/Branches,8,195,14,29,5,4,43,1,112,0,411
PAINT/PLASTER,25,186,20,10,7,12,75,1,87,0,423
PLUMBING,53,223,30,5,17,5,99,0,61,0,493
Panhandling,1,5,1,0,1,0,2,0,3,0,13
Plant,0,9,6,0,1,0,2,0,5,0,23
Plumbing,15,133,11,4,3,4,18,0,36,0,224
Poison Ivy,1,5,0,0,0,0,0,0,2,0,8
Posting Advertisement,0,7,0,0,0,1,5,0,3,0,16
Public Assembly,0,1,0,0,0,0,0,0,0,0,1
Public Payphone Complaint,1,13,2,2,1,0,6,0,3,0,28
Public Toilet,0,3,0,0,0,0,0,0,0,0,3
Radioactive Material,0,0,0,0,0,0,1,0,1,0,2
Recycling Enforcement,2,58,5,2,4,0,14,0,17,0,102
Request Xmas Tree Collection,2,27,3,0,0,0,0,0,6,0,38
Rodent,8,18,5,2,5,4,9,0,11,0,62
Root/Sewer/Sidewalk Condition,7,119,13,1,7,3,16,0,38,0,204
SAFETY,4,45,2,2,2,2,12,0,7,0,76
Sanitation Condition,56,582,78,17,13,5,46,4,164,0,965
Scaffold Safety,0,4,0,0,0,0,1,0,0,0,5
School Maintenance,9,75,8,1,1,6,11,0,18,0,129
Senior Center Complaint,4,11,0,0,1,0,1,0,1,0,18
Sewer,53,313,33,9,17,10,51,1,786,0,1273
Sidewalk Condition,19,229,16,3,4,10,36,1,66,0,384
Smoking,17,65,5,6,19,16,76,0,24,0,228
Snow,30,397,38,6,4,12,42,1,84,0,614
Special Enforcement,0,1,0,0,0,0,0,0,0,0,1
Special Natural Area District (SNAD),0,1,0,0,0,0,0,0,2,0,3
Special Projects Inspection Team (SPIT),26,171,23,6,4,3,23,0,74,0,330
Sprinkler - Mechanical,0,1,0,0,0,0,0,0,0,0,1
Stalled Sites,0,2,1,0,0,0,0,0,0,0,3
Standing Water,0,0,0,0,0,0,0,0,1,0,1
Standpipe - Mechanical,0,1,0,0,0,0,0,0,0,0,1
Street Condition,37,338,92,15,13,9,34,1,75,0,614
Street Light Condition,23,87,6,6,15,21,112,0,38,0,308
Street Sign - Damaged,19,235,22,5,14,10,52,1,61,0,419
Street Sign - Dangling,8,92,7,2,3,2,13,0,26,0,153
Street Sign - Missing,31,250,26,4,23,23,94,1,70,1,523
Sweeping/Inadequate,1,11,1,0,0,1,2,0,4,0,20
Sweeping/Missed,4,27,2,1,1,1,1,1,13,0,51
Sweeping/Missed-Inadequate,0,1,0,0,0,0,1,0,0,0,2
Tattooing,0,3,0,0,2,1,1,0,0,0,7
Taxi Complaint,72,177,12,21,65,70,295,1,85,1,799
Taxi Report,14,44,4,6,11,2,44,0,12,0,137
Traffic,18,397,30,7,4,5,26,1,76,0,564
Traffic Signal Condition,106,427,55,26,41,29,192,0,157,0,1033
UNSANITARY CONDITION,28,204,30,6,17,22,93,1,66,1,468
Unleashed Dog,1,19,2,0,0,1,5,0,3,0,31
Unsanitary Animal Facility,0,2,0,0,0,0,1,0,0,0,3
Unsanitary Animal Pvt Property,0,0,0,0,0,0,1,0,1,0,2
Urinating in Public,2,18,6,0,2,4,12,0,4,0,48
Vacant Lot,5,90,6,6,3,4,10,0,25,0,149
Vending,22,109,11,7,3,2,11,0,24,0,189
Violation of Park Rules,0,4,1,0,0,0,0,0,0,0,5
WATER LEAK,40,178,21,8,15,12,73,1,68,0,416
Water Conservation,18,185,19,3,5,4,36,0,60,0,330
Water Quality,10,44,1,0,5,0,11,0,11,0,82
Water System,63,444,46,14,22,19,89,2,176,0,875
Window Guard,0,1,0,0,0,0,0,0,2,0,3
All,2825,17500,2010,622,1571,1288,6580,61,6460,6,38923
