Longitude,Latitude,Labels
-73.800540597216894,40.780365084149871,"Missed Collection (All Materials),Damaged Tree,Construction"
-73.984305087240699,40.685591514651129,"Missed Collection (All Materials),Sidewalk Condition,Traffic Signal Condition"
-73.897706974032644,40.873910866959008,"Elevator,Water System,ELECTRIC"
-74.137527371152558,40.604656034772191,"Missed Collection (All Materials),Highway Condition,Root/Sewer/Sidewalk Condition"
-73.86469930319582,40.665118719226861,"Elevator,Sanitation Condition,Derelict Vehicles"
-73.951534952149714,40.781391175956038,"Noise,Broken Muni Meter,Air Quality"
-73.924956024548322,40.618458867785648,"Derelict Vehicle,Derelict Vehicles,Missed Collection (All Materials)"
-73.989641928929544,40.602100707441096,"Damaged Tree,Missed Collection (All Materials),Overgrown Tree/Branches"
-73.741553326029859,40.748970350192124,"Highway Condition,Damaged Tree,Derelict Vehicle"
-73.990527198321345,40.7560570111198,"Fire Safety Director - F58,GENERAL,Taxi Complaint"
-73.932747370148007,40.698118094059296,"Water System,Other Enforcement,Blocked Driveway"
-73.797802350688229,40.677192217493541,"Missed Collection (All Materials),Derelict Vehicle,Derelict Vehicles"
-73.844183551187058,40.784866016694302,"Missed Collection (All Materials),Construction,Derelict Vehicle"
-74.15180982066461,40.541508581987408,"Snow,Root/Sewer/Sidewalk Condition,Missed Collection (All Materials)"
-73.946926084810443,40.675821541669428,"PAINT/PLASTER,Sanitation Condition,Illegal Parking"
-73.906764100440967,40.817103533850329,"Elevator,ELECTRIC,Plumbing"
-74.082544709642875,40.62009056674944,"Missed Collection (All Materials),Water Conservation,Snow"
-73.75062971545259,40.602210191361138,"Missed Collection (All Materials),Street Sign - Missing,Snow"
-73.875716685060908,40.765076879900604,"Taxi Complaint,Highway Condition,Construction"
-73.848673079120644,40.870624581659705,"Sanitation Condition,Blocked Driveway,Overgrown Tree/Branches"
-73.857879071825963,40.729849560461545,"Missed Collection (All Materials),Elevator,Other Enforcement"
-73.994463743531142,40.718646629237668,"Other Enforcement,Fire Safety Director - F58,Plumbing"
-74.22112759477227,40.537864906845243,"Missed Collection (All Materials),Street Condition,Street Light Condition"
-73.891696579235116,40.641565651677176,"Missed Collection (All Materials),Derelict Vehicles,Dead Tree"
-74.031132493927657,40.619328514865515,"Highway Condition,Missed Collection (All Materials),Overgrown Tree/Branches"
-73.815869643123037,40.59429680626863,"Street Sign - Missing,Water Conservation,Sewer"
-73.782904172284688,40.725847535588301,"Highway Condition,Missed Collection (All Materials),Damaged Tree"
-73.757912060536199,40.6775850703822,"Missed Collection (All Materials),Derelict Vehicle,Root/Sewer/Sidewalk Condition"
-73.953604088354339,40.635612765349343,"Snow,Derelict Vehicles,Missed Collection (All Materials)"
-73.911941823039371,40.678243645544406,"UNSANITARY CONDITION,Sanitation Condition,Vacant Lot"
-73.866069836822845,40.837960233528911,"Highway Condition,Broken Muni Meter,PLUMBING"
-73.903463993621187,40.747140488278447,"Blocked Driveway,Construction,Traffic Signal Condition"
-73.946706216480848,40.60069126625735,"Derelict Vehicle,Overgrown Tree/Branches,Missed Collection (All Materials)"
-73.824442487190282,40.708574478868172,"Highway Condition,Missed Collection (All Materials),Broken Muni Meter"
-74.093947810332679,40.581240678703629,"Water Conservation,Missed Collection (All Materials),Dead Tree"
-73.939755891852812,40.83992681457179,"PAINT/PLASTER,Highway Condition,Water System"
-73.820766368112459,40.748610218177092,"Building/Use,Missed Collection (All Materials),Noise - Park"
-73.958516467151568,40.802496494638071,"Elevator,Water System,Air Quality"
-73.89297850968002,40.676450358133643,"Derelict Vehicles,Highway Condition,Dirty Conditions"
-73.949810049167539,40.746203957710179,"Construction,Broken Muni Meter,Bridge Condition"
-74.007426405605841,40.647097239030337,"Noise - Park,Graffiti,Traffic Signal Condition"
-73.86355919843254,40.873343179911195,"UNSANITARY CONDITION,Elevator,PLUMBING"
-73.981284245809533,40.667507485204993,"Missed Collection (All Materials),Derelict Bicycle,Other Enforcement"
-74.174047558308672,40.553351501496444,"Missed Collection (All Materials),Snow,Root/Sewer/Sidewalk Condition"
-73.817429517300795,40.686538217429998,"Derelict Vehicle,Building/Use,Overgrown Tree/Branches"
-73.818341437061335,40.821826584156028,"Missed Collection (All Materials),Highway Condition,Water Conservation"
-73.912707036803511,40.774542471323862,"Construction,Graffiti,Plumbing"
-74.122491917749954,40.610832660214939,"Missed Collection (All Materials),Highway Condition,Street Condition"
-73.951449298330317,40.583633264459721,"Street Sign - Missing,Dead Tree,Street Sign - Damaged"
-73.980438125981564,40.779817963475971,"Air Quality,Homeless Encampment,Noise - Helicopter"
-73.991069341886316,40.580352974934009,"Elevator,General Construction/Plumbing,Derelict Vehicles"
-73.908608958104224,40.850647465964975,"Elevator,Water System,HEAT/HOT WATER"
-73.954296978296654,40.815622128511698,"Noise - Helicopter,Water System,Vending"
-73.965677571076895,40.694148831877243,"Traffic Signal Condition,Missed Collection (All Materials),Snow"
-73.877323696787812,40.710240821028634,"Missed Collection (All Materials),Damaged Tree,Overgrown Tree/Branches"
-73.924245583776212,40.659370116496063,"Missed Collection (All Materials),PAINT/PLASTER,UNSANITARY CONDITION"
-73.91003832916094,40.69491421245155,"Sanitation Condition,Building/Use,Blocked Driveway"
-73.879956648734009,40.877110594315589,"PAINT/PLASTER,Elevator,PLUMBING"
-73.986920106799829,40.730836922776888,"Homeless Encampment,Noise,Homeless Person Assistance"
-73.738848511912309,40.719520746827747,"Missed Collection (All Materials),Street Condition,Derelict Vehicle"
-73.856960966144001,40.711442373388245,"Hazardous Materials,Missed Collection (All Materials),Damaged Tree"
-74.128342513438454,40.568373057021553,"Missed Collection (All Materials),Dead Tree,Street Condition"
-73.832412433246049,40.692212506194934,"Special Projects Inspection Team (SPIT),Emergency Response Team (ERT),Building/Use"
-74.132014175650696,40.632782470203864,"Missed Collection (All Materials),Derelict Vehicle,Dirty Conditions"
-74.005186767861332,40.722602899830704,"Fire Safety Director - F58,Homeless Encampment,EAP Inspection - F59"
-73.956611602259002,40.770769277068609,"Noise,DOF Parking - Tax Exemption,Taxi Complaint"
-73.866019553891832,40.683812388108436,"Missed Collection (All Materials),Derelict Vehicles,Sewer"
-74.083683621158698,40.638825534673998,"Missed Collection (All Materials),Water Conservation,Illegal Parking"
-73.736445849461134,40.677176025358321,"Dead Tree,Damaged Tree,Missed Collection (All Materials)"
-73.944883214424891,40.648073091767749,"Missed Collection (All Materials),Overgrown Tree/Branches,Sanitation Condition"
-74.00372365083679,40.679586147398567,"Air Quality,Missed Collection (All Materials),Sidewalk Condition"
-73.977460403434421,40.748137826057786,"Fire Safety Director - F58,Homeless Person Assistance,EAP Inspection - F59"
-73.850764913105365,40.845875720008756,"Dirty Conditions,Derelict Vehicle,Illegal Parking"
-73.991821138461958,40.637966226359026,"Derelict Vehicles,Missed Collection (All Materials),Illegal Parking"
-73.779422488272886,40.775574823788418,"Missed Collection (All Materials),Damaged Tree,Dead Tree"
-73.877080204019208,40.828743574492457,"Highway Condition,PAINT/PLASTER,Elevator"
-73.71256979098743,40.749088499817212,"Damaged Tree,Construction,Highway Condition"
-73.999762388836757,40.746496456942218,"Missed Collection (All Materials),Broken Muni Meter,Taxi Complaint"
-73.930220495108131,40.768528789471659,"Noise,Air Quality,Construction"
-73.818161925818615,40.786462040292164,"Missed Collection (All Materials),Construction,Dead Tree"
-73.877149880942326,40.73214514762109,"Missed Collection (All Materials),Root/Sewer/Sidewalk Condition,Derelict Vehicle"
-73.793766302006333,40.592801719791161,"Construction,Street Sign - Missing,Water Conservation"
-73.896323251075415,40.860655425951919,"PLUMBING,PAINT/PLASTER,UNSANITARY CONDITION"
-73.926619965295657,40.683564281283417,"Missed Collection (All Materials),General Construction/Plumbing,Sanitation Condition"
-73.830810373990204,40.759936499455463,"Construction,Missed Collection (All Materials),Broken Muni Meter"
-73.922983172922898,40.865351486811242,"Indoor Air Quality,Vending,Water System"
-73.941895457457306,40.717499235407715,"Sidewalk Condition,Noise,Missed Collection (All Materials)"
-73.864118024464275,40.898884747677997,"Sidewalk Condition,Highway Condition,General Construction/Plumbing"
-73.965851593456193,40.76026637401219,"Taxi Complaint,Fire Safety Director - F58,Homeless Encampment"
-73.941469318433008,40.805862355016274,"Homeless Encampment,Homeless Person Assistance,Traffic"
-73.816314856808646,40.672085188395499,"Derelict Vehicle,Building/Use,Overgrown Tree/Branches"
-73.9717916836006,40.630172690445171,"Missed Collection (All Materials),Damaged Tree,Traffic Signal Condition"
-73.852888121274731,40.57605894260454,"Dead Tree,Construction,Missed Collection (All Materials)"
-73.78794008904589,40.848060966888212,"Snow,Street Sign - Missing,Dead Tree"
-73.739644313960824,40.658889495562228,"Missed Collection (All Materials),Water Conservation,Root/Sewer/Sidewalk Condition"
-73.828664059493022,40.841694601291493,"Derelict Vehicle,Missed Collection (All Materials),Street Light Condition"
-73.783442681925166,40.691197524556543,"Sanitation Condition,Missed Collection (All Materials),Overgrown Tree/Branches"
-73.805738765326936,40.70022828509159,"Missed Collection (All Materials),Derelict Vehicles,Consumer Complaint"
-74.240945964409477,40.509573892547003,"Missed Collection (All Materials),Overgrown Tree/Branches,Root/Sewer/Sidewalk Condition"
-73.854189642630743,40.743694422254741,"Highway Condition,Missed Collection (All Materials),Blocked Driveway"
-73.958993219140893,40.64983518211595,"Elevator,WATER LEAK,UNSANITARY CONDITION"
-73.754266783766568,40.731743061581163,"Highway Condition,Missed Collection (All Materials),Damaged Tree"
-73.965274503744368,40.579603968412435,"Broken Muni Meter,Sanitation Condition,Electrical"
-74.006294685933369,40.607858984767091,"Missed Collection (All Materials),Traffic,Graffiti"
-73.930671451344352,40.638412577901072,"Derelict Vehicles,Root/Sewer/Sidewalk Condition,Overgrown Tree/Branches"
-73.987829352777027,40.766155146574313,"Fire Safety Director - F58,Broken Muni Meter,Noise"
-73.972303164328054,40.677376111504891,"Missed Collection (All Materials),Broken Muni Meter,Water System"
-74.196934625667609,40.550946108013726,"Missed Collection (All Materials),Root/Sewer/Sidewalk Condition,Street Condition"
-73.923088376668275,40.740337496108644,"Traffic Signal Condition,Highway Condition,Construction"
-74.10810665007665,40.631504883887374,"Missed Collection (All Materials),Derelict Vehicles,Snow"
-74.156483518321039,40.632159963542669,"Missed Collection (All Materials),Water Conservation,Sanitation Condition"
-73.958919788992702,40.613635884517059,"Missed Collection (All Materials),Overgrown Tree/Branches,Broken Muni Meter"
-73.90670247517609,40.716242845061593,"Derelict Vehicle,Missed Collection (All Materials),Blocked Driveway"
-74.009699610482102,40.709079487619427,"Fire Safety Director - F58,Street Sign - Damaged,Sidewalk Condition"
-73.791833544253905,40.740777404309306,"Missed Collection (All Materials),Building/Use,Dead Tree"
-73.899002999127575,40.829243521773741,"Missed Collection (All Materials),Elevator,PLUMBING"
-73.850149098828211,40.830744255949043,"Highway Condition,Broken Muni Meter,Sanitation Condition"
-73.960592625380571,40.714497684962147,"Missed Collection (All Materials),Special Projects Inspection Team (SPIT),Noise"
-73.93155956443195,40.588659772468219,"Highway Condition,Sewer,Derelict Vehicle"
-73.971173074944147,40.792814481706337,"Air Quality,Missed Collection (All Materials),Noise"
-73.915410053699134,40.838241553678081,"Elevator,PLUMBING,UNSANITARY CONDITION"
-73.945852175710911,40.82821868347262,"PAINT/PLASTER,Elevator,PLUMBING"
-73.889471515410918,40.662563801183239,"Missed Collection (All Materials),PLUMBING,Sanitation Condition"
-73.910119062601723,40.883091861362772,"Maintenance or Facility,Broken Muni Meter,Snow"
-73.75729695712343,40.696931099436483,"Missed Collection (All Materials),Derelict Vehicle,Dead Tree"
-73.954868331368758,40.663084713248082,"Elevator,WATER LEAK,UNSANITARY CONDITION"
-73.841562836673177,40.719482614486367,"Broken Muni Meter,Highway Condition,Snow"
-73.886096358274116,40.749702926190629,"Broken Muni Meter,Blocked Driveway,Dead Tree"
-74.070349733742404,40.603603522634202,"Missed Collection (All Materials),Water Conservation,Damaged Tree"
-73.76773715253978,40.599796085782188,"Street Sign - Missing,Missed Collection (All Materials),Vacant Lot"
-74.009891593179489,40.627862488744775,"Graffiti,Missed Collection (All Materials),Sanitation Condition"
-73.739452081495628,40.767680683974987,"Construction,Missed Collection (All Materials),Street Condition"
-74.158617407101673,40.58776083539383,"Missed Collection (All Materials),Water Conservation,Snow"
-73.975099191072161,40.645715669361714,"Missed Collection (All Materials),Street Condition,Sanitation Condition"
-73.942193369903976,40.62088277725973,"Missed Collection (All Materials),Damaged Tree,Sanitation Condition"
-73.716652350258911,40.733682091393703,"Missed Collection (All Materials),Overgrown Tree/Branches,Dead Tree"
-73.79488844640295,40.761674594359697,"Missed Collection (All Materials),Snow,Construction"
-73.935876897495859,40.753336238052555,"Derelict Vehicles,Construction,Blocked Driveway"
-73.975061570560044,40.610436098949194,"Sanitation Condition,Missed Collection (All Materials),Sewer"
-74.168898359815969,40.533940057699454,"Missed Collection (All Materials),Root/Sewer/Sidewalk Condition,Overgrown Tree/Branches"
-73.773593207427737,40.668303523213766,"Derelict Vehicle,Fire Safety Director - F58,Root/Sewer/Sidewalk Condition"
-73.924194303543359,40.830479864277557,"PAINT/PLASTER,PLUMBING,UNSANITARY CONDITION"
-74.024751740832713,40.635222673905787,"Illegal Parking,Missed Collection (All Materials),Damaged Tree"
-73.83526719145523,40.862746320458335,"Special Enforcement,Overgrown Tree/Branches,Derelict Vehicle"
-73.986842555961999,40.742190687011032,"Broken Muni Meter,Fire Safety Director - F58,Homeless Person Assistance"
-73.844593358184412,40.677023041811715,"Missed Collection (All Materials),Derelict Vehicle,Other Enforcement"
-73.887260347289214,40.847005667365778,"Derelict Vehicles,PLUMBING,FLOORING/STAIRS"
-74.190860820990039,40.591293590463039,"Missed Collection (All Materials),Fire Safety Director - F58,Street Condition"
-73.950973306227439,40.706661775234593,"Missed Collection (All Materials),Noise,Traffic Signal Condition"
-73.865451945715023,40.857732477296786,"Traffic,Elevator,Broken Muni Meter"
-73.865941409203842,40.753204721940158,"Construction,Blocked Driveway,Missed Collection (All Materials)"
-73.848116828939794,40.899414162843144,"Derelict Vehicle,Root/Sewer/Sidewalk Condition,Blocked Driveway"
-73.76544729387949,40.713000944318502,"Missed Collection (All Materials),Noise - House of Worship,Sanitation Condition"
-74.147347666931196,40.555334552236744,"Missed Collection (All Materials),Root/Sewer/Sidewalk Condition,General Construction/Plumbing"
-74.142188898491924,40.618858879637706,"Missed Collection (All Materials),Overgrown Tree/Branches,Root/Sewer/Sidewalk Condition"
-73.911328769942656,40.561190005599912,"Construction,Traffic,Electrical"
-73.857836120409317,40.8164431168506,"Derelict Vehicles,Derelict Vehicle,Missed Collection (All Materials)"
-73.89448644098448,40.728549583014477,"Missed Collection (All Materials),Water Conservation,Derelict Vehicle"
-73.991630182622217,40.696675623312679,"Noise - Helicopter,Fire Safety Director - F58,Broken Muni Meter"
-73.935598220554354,40.667369995662774,"PLUMBING,UNSANITARY CONDITION,PAINT/PLASTER"
-73.920614159548322,40.810735617032066,"UNSANITARY CONDITION,Elevator,Broken Muni Meter"
-73.901295229178814,40.904242399476971,"Missed Collection (All Materials),Derelict Vehicle,Highway Condition"
-73.91958118964186,40.704401347076491,"Electrical,Dirty Conditions,Water System"
-73.977617786981625,40.760541953654354,"Fire Safety Director - F58,EAP Inspection - F59,Taxi Complaint"
-73.94200175742148,40.793925236649322,"Elevator,Highway Condition,WATER LEAK"
-73.906252504037184,40.630667017513183,"Missed Collection (All Materials),Derelict Vehicles,Derelict Vehicle"
-73.993127954171015,40.66520870418433,"Traffic Signal Condition,Sidewalk Condition,Noise"
-73.805318626138799,40.720566277578378,"Highway Condition,Missed Collection (All Materials),Construction"
-73.895115136221833,40.700811717026127,"Derelict Vehicle,Missed Collection (All Materials),Root/Sewer/Sidewalk Condition"
-73.737440807964433,40.698852150599315,"Missed Collection (All Materials),Dead Tree,Root/Sewer/Sidewalk Condition"
-74.093029866013737,40.60171614017559,"Missed Collection (All Materials),Highway Condition,Snow"
-73.911792568202713,40.644002735899271,"Derelict Vehicles,Missed Collection (All Materials),Overgrown Tree/Branches"
-73.931572514056484,40.852491282290266,"Elevator,Water System,PAINT/PLASTER"
-73.85739172249464,40.888053893461766,"Sanitation Condition,DOOR/WINDOW,PLUMBING"
-74.200210847907783,40.530627364287177,"Missed Collection (All Materials),Damaged Tree,Root/Sewer/Sidewalk Condition"
-73.839543180879161,40.658350116061122,"Dead Tree,Missed Collection (All Materials),Highway Condition"
-73.790122323167537,40.707841447087901,"Traffic,Missed Collection (All Materials),Construction"
-74.001755561713296,40.735009693057997,"Missed Collection (All Materials),Noise,Homeless Encampment"
-73.906588089927084,40.611493217576893,"Highway Condition,Air Quality,Dead Tree"
-73.832387882225191,40.884074871752354,"Derelict Vehicles,Sanitation Condition,School Maintenance"
-74.163240591789062,40.612673165574051,"Missed Collection (All Materials),Highway Condition,Root/Sewer/Sidewalk Condition"
-73.788961289503803,40.648070742275124,"Taxi Complaint,For Hire Vehicle Complaint,Taxi Report"
-73.953998920190926,40.730136780056583,"Missed Collection (All Materials),Air Quality,Noise"
-73.769515420793539,40.757299478407639,"Missed Collection (All Materials),Dead Tree,Overgrown Tree/Branches"
-73.831624116202931,40.580466898311336,"UNSANITARY CONDITION,Street Sign - Missing,Traffic Signal Condition"
-73.96755747183748,40.595721520513038,"Missed Collection (All Materials),Snow,Derelict Vehicles"
-74.110099277884188,40.567196436161467,"Damaged Tree,Missed Collection (All Materials),Water Conservation"
-73.819595620370123,40.728153482631136,"Missed Collection (All Materials),Snow,Root/Sewer/Sidewalk Condition"
-73.918225385857653,40.76090162428882,"Broken Muni Meter,Construction,Blocked Driveway"
-73.897084220285848,40.767378535158954,"Highway Condition,Construction,Root/Sewer/Sidewalk Condition"
-73.909163950396817,40.661555363742721,"UNSANITARY CONDITION,Derelict Vehicles,Overgrown Tree/Branches"
-73.850915231589227,40.691137014107007,"Derelict Vehicles,Blocked Driveway,Derelict Vehicle"
-73.991903806759538,40.621170439495145,"Missed Collection (All Materials),Graffiti,Damaged Tree"
-73.939712027355625,40.819102592560007,"PAINT/PLASTER,Elevator,PLUMBING"
-73.982329791973328,40.721361636855619,"Maintenance or Facility,Homeless Encampment,Air Quality"
-73.945454682133786,40.689311547893482,"Missed Collection (All Materials),ELECTRIC,Sanitation Condition"
-73.959723241744754,40.68189088934141,"General Construction/Plumbing,Plumbing,Air Quality"
-73.888815963025138,40.816929422176067,"PAINT/PLASTER,Street Condition,UNSANITARY CONDITION"
-73.878698443783662,40.676287951595953,"Water System,Derelict Vehicle,Missed Collection (All Materials)"
-73.814572562123075,40.765042075469736,"Missed Collection (All Materials),Construction,Overgrown Tree/Branches"
