Longitude,Latitude,Labels
-73.977833369857535,40.786843975093021,"PAINT/PLASTER,Air Quality,FLOORING/STAIRS"
-73.93006707485641,40.693463070052658,"Animal Abuse,Noise - Park,GENERAL"
-73.839352480855339,40.785566894321022,"Noise - Vehicle,Air Quality,Sanitation Condition"
-74.025086046142874,40.633534612450667,"Noise,Animal Abuse,Highway Condition"
-73.819358367892505,40.70677080878162,"Derelict Vehicle,Highway Condition,Noise - Vehicle"
-73.917980780702507,40.84831543622596,"Blocked Driveway,Noise - Street/Sidewalk,Highway Condition"
-73.750562204781389,40.60049500362642,"Street Sign - Missing,Blocked Driveway,Derelict Vehicle"
-74.158383873055925,40.62379338009724,"Highway Condition,Blocked Driveway,Illegal Parking"
-74.004011023320942,40.733387086159837,"Literature Request,Noise,Noise - Vehicle"
-73.984504468541431,40.581864758891669,"Air Quality,Noise - Vehicle,Animal Abuse"
-73.790339889311042,40.855378233505192,"Overgrown Tree/Branches,Street Light Condition,Food Establishment"
-73.904345506103368,40.65527678189958,"PAINT/PLASTER,DOOR/WINDOW,Street Light Condition"
-73.860432367109553,40.872163918012014,"Blocked Driveway,Traffic Signal Condition,PLUMBING"
-73.742967831743954,40.697891060625452,"Noise - Vehicle,Air Quality,Construction"
-73.940917849823293,40.75826487713077,"Blocked Driveway,Noise - Vehicle,Water System"
-73.951338821848466,40.659897511975039,"Noise - Vehicle,WATER LEAK,Blocked Driveway"
-74.083056472583721,40.619017959706554,"UNSANITARY CONDITION,Blocked Driveway,SAFETY"
-73.901991540697693,40.725165157058299,"Illegal Parking,Blocked Driveway,Noise - Street/Sidewalk"
-74.153151902053111,40.544183694661029,"Dead Tree,Traffic Signal Condition,Drinking"
-73.879409476296829,40.82763302819118,"UNSANITARY CONDITION,Dirty Conditions,Elevator"
-73.875010663691427,40.678796863912488,"Street Sign - Missing,ELECTRIC,Noise - Commercial"
-73.943107959423074,40.811449370016639,"Noise - Street/Sidewalk,PAINT/PLASTER,Noise - Vehicle"
-73.963326699621561,40.691962598846651,"Noise - Vehicle,Noise,Noise - Street/Sidewalk"
-73.82491828002172,40.584258268340143,"Noise - Vehicle,Drinking,Street Sign - Damaged"
-73.870006357261602,40.75590309164528,"Blocked Driveway,Traffic Signal Condition,Noise - Vehicle"
-73.787718172999504,40.590900939523408,"DOOR/WINDOW,Building/Use,UNSANITARY CONDITION"
-73.995440923983367,40.739481562630836,"Homeless Encampment,Noise - Commercial,Noise - Vehicle"
-73.933896220210841,40.592087295228239,"Traffic Signal Condition,Blocked Driveway,Noise - Street/Sidewalk"
-74.000892899686519,40.657981815589459,"Traffic Signal Condition,Air Quality,Noise - Street/Sidewalk"
-73.974347954514784,40.610547997035923,"ELECTRIC,Blocked Driveway,Derelict Vehicle"
-73.78586405192948,40.687897748421264,"Traffic Signal Condition,Noise - Vehicle,Sewer"
-73.835333484466545,40.702868611530143,"Blocked Driveway,Sanitation Condition,Noise - Commercial"
-73.95343168467555,40.730995316555209,"Taxi Complaint,Noise - Vehicle,GENERAL"
-73.750284716157267,40.747458507090805,"Illegal Parking,Blocked Driveway,Highway Condition"
-74.209723906527657,40.52640165252825,"Street Condition,Taxi Complaint,Collection Truck Noise"
-73.98830182168652,40.765834401477491,"GENERAL,Taxi Complaint,Special Projects Inspection Team (SPIT)"
-73.911741932780657,40.771274436157796,"Noise - Commercial,Blocked Driveway,Drinking"
-73.90932746485845,40.862032918407238,"Noise - Commercial,Elevator,DOOR/WINDOW"
-73.80852283845384,40.762369116121953,"Illegal Parking,Blocked Driveway,Traffic Signal Condition"
-74.100673849080067,40.58210517893378,"Traffic Signal Condition,Animal Abuse,Illegal Parking"
-73.946570592098325,40.78419191715912,"Noise,Graffiti,Taxi Complaint"
-73.908471722770798,40.81403049189462,"Noise - Vehicle,UNSANITARY CONDITION,Blocked Driveway"
-73.993753388542572,40.702403664411491,"Highway Condition,Bridge Condition,Noise - Vehicle"
-73.711487190545455,40.74666808601728,"ELECTRIC,Indoor Air Quality,Highway Condition"
-73.817024666954637,40.816290079837856,"Overgrown Tree/Branches,Litter Basket / Request,Blocked Driveway"
-73.980596366037915,40.741412175193581,"Homeless Person Assistance,Taxi Complaint,Noise"
-73.954015109758359,40.710157373785485,"Noise - Street/Sidewalk,Noise - Vehicle,UNSANITARY CONDITION"
-73.87736122886723,40.718037177452914,"Traffic Signal Condition,Illegal Parking,Building/Use"
-74.122214022745297,40.610104208314965,"Highway Condition,Overflowing Litter Baskets,Overgrown Tree/Branches"
-73.989664282358405,40.623784989160143,"Other Enforcement,Street Sign - Damaged,Dirty Conditions"
-73.828663147131692,40.844439104108602,"Illegal Parking,Drinking,Blocked Driveway"
-73.845790677272987,40.679399453105944,"Derelict Vehicles,Traffic Signal Condition,Street Condition"
-73.863248729562272,40.851423354249611,"Boilers,Street Light Condition,Blocked Driveway"
-73.951698420752237,40.640296563931265,"Noise - Vehicle,Blocked Driveway,Noise - Street/Sidewalk"
-73.937101869266428,40.845233268143112,"Noise - Street/Sidewalk,Water System,Noise - Vehicle"
-73.861744436978256,40.891610467761453,"WATER LEAK,ELECTRIC,Blocked Driveway"
-73.789987625543461,40.708680361397782,"Blocked Driveway,Traffic,Noise"
-73.899116526554806,40.746977616247236,"Traffic Signal Condition,Construction,Highway Condition"
-73.911490665059603,40.70494082089192,"Noise - Commercial,Blocked Driveway,Noise - Vehicle"
-73.928234501428776,40.649352126736893,"Noise - Vehicle,Animal Abuse,Other Enforcement"
-73.980307514571678,40.684337501126009,"Noise,Noise - Vehicle,Vending"
-73.981551258707881,40.722999142613837,"Noise - Vehicle,Drinking,Noise - Commercial"
-73.898154101773244,40.850150234288172,"UNSANITARY CONDITION,Illegal Parking,Noise - Street/Sidewalk"
-73.888370507755496,40.870160348726877,"Noise - Street/Sidewalk,Blocked Driveway,Boilers"
-73.845392655520584,40.721512669768302,"Traffic Signal Condition,Industrial Waste,Noise"
-73.948367273984488,40.826725232941484,"Noise - Street/Sidewalk,Noise - Vehicle,HEAT/HOT WATER"
-73.923755526458521,40.675768857030512,"Noise - Vehicle,Derelict Vehicles,Sewer"
-73.854615036747802,40.818670180485611,"Noise - Street/Sidewalk,Blocked Driveway,Air Quality"
-73.934974924015663,40.666624926281237,"Other Enforcement,Noise - Street/Sidewalk,Noise - Vehicle"
-73.906726995802501,40.617607131009436,"Air Quality,Illegal Parking,Building/Use"
-73.937381348776114,40.718332983115019,"Noise - Vehicle,Air Quality,Noise"
-73.743705370540582,40.720324709166441,"Derelict Vehicles,Dirty Conditions,Sanitation Condition"
-73.967411422416205,40.758738075159691,"Taxi Complaint,Noise - Vehicle,Noise - Commercial"
-73.926700912976528,40.861724444762032,"Noise - Vehicle,Noise - Street/Sidewalk,Noise - Commercial"
-73.971415083230639,40.635605298478517,"Illegal Parking,Street Sign - Damaged,Traffic Signal Condition"
-73.805683373829879,40.673100519943191,"Sewer,Building/Use,Derelict Vehicle"
-74.005666491149654,40.60948922108679,"Illegal Parking,Traffic Signal Condition,Boilers"
-73.925709689762584,40.835619296342855,"PLUMBING,WATER LEAK,PAINT/PLASTER"
-73.911192271163699,40.879920593721913,"Noise - Park,Damaged Tree,Noise - Vehicle"
-74.007883320415274,40.714044837842422,"Homeless Encampment,Traffic Signal Condition,Noise - Vehicle"
-73.929053263267093,40.770579037462589,"Dead Tree,Illegal Parking,Taxi Complaint"
-73.83069143198945,40.7621652428423,"Food Establishment,Traffic Signal Condition,Noise - Street/Sidewalk"
-73.740566370265569,40.635929714953797,"Traffic Signal Condition,Street Condition,Noise - Park"
-73.921317896027176,40.741938971653511,"Noise,Traffic Signal Condition,Taxi Complaint"
-73.918452842736343,40.821397554813018,"UNSANITARY CONDITION,PLUMBING,Overgrown Tree/Branches"
-73.774712001979665,40.667003720805759,"Traffic Signal Condition,Blocked Driveway,Highway Condition"
-73.946609034425862,40.588358477953832,"Illegal Parking,Derelict Vehicle,Derelict Vehicles"
-73.865649136908743,40.742720856010557,"Blocked Driveway,Illegal Parking,Drinking"
-73.818641664995425,40.684383001565742,"Blocked Driveway,Building/Use,For Hire Vehicle Complaint"
-74.126248270744853,40.56722236127208,"Snow,Animal Abuse,Other Enforcement"
-73.781160768708276,40.764657046065636,"Illegal Parking,Industrial Waste,Taxi Report"
-73.73698705934639,40.672841566124831,"Damaged Tree,Traffic Signal Condition,Blocked Driveway"
-73.829142757000952,40.883722962982219,"Street Condition,Consumer Complaint,Street Light Condition"
-73.937921038978658,40.796966476689718,"Drinking,Graffiti,Animal Abuse"
-74.000375717741292,40.636760938979627,"Illegal Parking,Traffic Signal Condition,Noise"
-73.882028949180736,40.645573115554129,"Illegal Parking,Street Sign - Missing,Non-Residential Heat"
-73.956189448070802,40.676890952050549,"Noise - House of Worship,Indoor Air Quality,Noise - Street/Sidewalk"
-74.19048011952431,40.544331022490262,"Damaged Tree,Overgrown Tree/Branches,Water Conservation"
-73.9576361346314,40.815350019485052,"PLUMBING,Noise - Street/Sidewalk,Taxi Complaint"
-73.855650499422865,40.709680036777677,"Hazardous Materials,Traffic Signal Condition,Construction"
-73.831077971498416,40.690305354340751,"Special Projects Inspection Team (SPIT),Emergency Response Team (ERT),Plumbing"
-73.812574666262392,40.789347843226295,"Highway Condition,Illegal Parking,Derelict Vehicle"
-73.896457991220373,40.702296693472512,"Illegal Parking,Noise - Street/Sidewalk,Blocked Driveway"
-73.929322731060751,40.629855611355893,"Derelict Vehicles,Blocked Driveway,Illegal Parking"
-73.765144313386898,40.597237892995238,"ELECTRIC,Missed Collection (All Materials),Construction"
-73.76809482739236,40.715136375301384,"Snow,Dirty Conditions,Building/Use"
-73.760870945456006,40.680406464349367,"Illegal Parking,Blocked Driveway,Sanitation Condition"
-73.843404911725585,40.663484930984431,"Food Poisoning,HEAT/HOT WATER,Maintenance or Facility"
-74.034142972123149,40.617803604684866,"Taxi Complaint,City Vehicle Placard Complaint,Street Light Condition"
-73.956962839571702,40.769074974458931,"Noise,Homeless Encampment,Other Enforcement"
-74.158161279075458,40.585222377340038,"Blocked Driveway,Illegal Parking,Street Condition"
-74.089705594537946,40.638823953664442,"Noise - Vehicle,Missed Collection (All Materials),Traffic Signal Condition"
-73.887595074233332,40.848351412260953,"Blocked Driveway,PLUMBING,Food Establishment"
-73.850747695883015,40.840829973648077,"WATER LEAK,HEAT/HOT WATER,Blocked Driveway"
-74.000337908611698,40.677412820956782,"Noise - Commercial,Sewer,Noise"
-73.786477617535368,40.846693335394633,"Overgrown Tree/Branches,Dead Tree,Street Sign - Damaged"
-73.843635181094072,40.880143945218016,"PLUMBING,APPLIANCE,Blocked Driveway"
-74.133150230218519,40.628417899311465,"Water System,Derelict Vehicle,Water Conservation"
-73.909088928614679,40.675208267712819,"DOOR/WINDOW,PAINT/PLASTER,Blocked Driveway"
-74.239531364013146,40.519507142892543,"Dead Tree,Building/Use,Air Quality"
-73.880194986444195,40.664216683720987,"Noise - Vehicle,UNSANITARY CONDITION,Derelict Vehicles"
-73.887041138441504,40.81458131493789,"Traffic Signal Condition,PLUMBING,Noise - Street/Sidewalk"
-73.936455142576008,40.704355278079653,"Noise - Commercial,Noise - Vehicle,Water System"
-73.981076516304626,40.76227207701799,"Homeless Encampment,Taxi Complaint,Water Conservation"
-73.954505194739127,40.601073524428301,"DOOR/WINDOW,Illegal Parking,Noise - Vehicle"
-73.804132487606424,40.702282206768388,"Blocked Driveway,Traffic Signal Condition,Graffiti"
-73.884662118944661,40.750283366187574,"Noise - Commercial,Blocked Driveway,Food Establishment"
-73.967812956515559,40.798397215961913,"Noise,Plumbing,Noise - Street/Sidewalk"
-73.885181574082068,40.680300332934962,"Water System,Noise - Street/Sidewalk,Blocked Driveway"
-73.961400925926952,40.716651070220024,"HEAT/HOT WATER,Noise - Commercial,Noise - Vehicle"
-73.908096589769869,40.838558740843638,"Noise - Commercial,Drinking,UNSANITARY CONDITION"
-74.076434417615204,40.641033112050302,"Broken Muni Meter,Food Establishment,Missed Collection (All Materials)"
-74.07747399166071,40.589427034782894,"Sanitation Condition,Street Sign - Damaged,Building/Use"
-73.790057522325043,40.735183452511635,"Sanitation Condition,Derelict Vehicle,Damaged Tree"
-73.924631489517751,40.808464967729016,"Highway Condition,Special Projects Inspection Team (SPIT),GENERAL"
-73.902370609882652,40.904407473570686,"Illegal Parking,Street Sign - Dangling,Lead"
-73.943335855451892,40.692768372537294,"Taxi Complaint,Noise - Vehicle,Blocked Driveway"
-73.987577064159595,40.745684905752519,"Homeless Encampment,Indoor Air Quality,Noise - Vehicle"
-73.961786397082477,40.653511742184911,"Noise - Vehicle,Noise - Street/Sidewalk,Noise - Commercial"
-74.012200809815482,40.70656131738761,"Noise - Vehicle,Street Sign - Damaged,Street Light Condition"
-73.905492620489525,40.638103196671445,"Blocked Driveway,Illegal Parking,Sewer"
-73.89871654035386,40.858883629683653,"Smoking,Noise - Street/Sidewalk,Noise - Vehicle"
-73.922191469123064,40.70218563033243,"Noise - Vehicle,Noise - Commercial,Blocked Driveway"
-73.969745604430173,40.679194865123847,"Taxi Complaint,Traffic Signal Condition,Homeless Person Assistance"
-73.842535981787137,40.741567791321287,"Highway Condition,Blocked Driveway,Noise - Park"
-73.944689869784625,40.746484984346779,"Traffic Signal Condition,Street Condition,Noise - Commercial"
-73.879890679406486,40.881183543520585,"HEAT/HOT WATER,Elevator,Highway Condition"
-73.823659103808879,40.72227852399493,"Highway Condition,Non-Residential Heat,Illegal Parking"
-73.95372281910349,40.777201589418461,"Vending,PAINT/PLASTER,PLUMBING"
-73.920977429111218,40.661187327409564,"Blocked Driveway,PAINT/PLASTER,Noise - Street/Sidewalk"
-73.951829249528586,40.802361820710516,"Noise - Street/Sidewalk,Taxi Complaint,Noise"
-73.90344577155571,40.871395965500028,"Noise - Street/Sidewalk,ELECTRIC,Water System"
-73.938672186404474,40.82309631845164,"Noise - Street/Sidewalk,Noise - Vehicle,Taxi Complaint"
-73.8548896111933,40.57313015574907,"Vacant Lot,Noise - Street/Sidewalk,Street Light Condition"
-73.852031648444438,40.899629944873318,"Blocked Driveway,Street Condition,Illegal Parking"
-73.882449157848399,40.731023383456574,"Derelict Vehicles,Blocked Driveway,Smoking"
-73.985675054191574,40.6668042336591,"Noise - Vehicle,Food Establishment,Traffic Signal Condition"
-74.013216248447407,40.646498486622825,"Traffic Signal Condition,Noise - Park,Blocked Driveway"
-73.964463910934711,40.579581038910895,"Elevator,Noise - Vehicle,Blocked Driveway"
-73.876864662751544,40.704354992286596,"Illegal Parking,Damaged Tree,Derelict Vehicles"
-73.742185837928503,40.765349475505332,"Lead,Snow,Street Condition"
-73.916310528459974,40.831671642700933,"PLUMBING,Noise - Street/Sidewalk,HEAT/HOT WATER"
-73.8620929331111,40.670249168588164,"Street Sign - Missing,Blocked Driveway,Noise - House of Worship"
-73.788763141498563,40.647870607086766,"For Hire Vehicle Complaint,Taxi Report,Traffic"
-73.867193449742089,40.835261433004803,"For Hire Vehicle Complaint,HEAT/HOT WATER,Traffic Signal Condition"
-73.998524469204384,40.720950485938779,"Noise,Taxi Complaint,Air Quality"
-73.927906808397879,40.611338307675247,"Traffic Signal Condition,Lead,Street Sign - Damaged"
-73.865987066454537,40.689076283966784,"Blocked Driveway,Building/Use,Noise - Vehicle"
-73.987919416326179,40.728714696548501,"Noise - Vehicle,Noise - Commercial,Homeless Encampment"
-74.106710845510747,40.56671742339914,"Street Condition,Street Sign - Damaged,Snow"
-73.894963998827777,40.67057893067247,"Blocked Driveway,Drinking,Traffic Signal Condition"
-73.907988398568619,40.590626749469763,"Highway Condition,Construction"
-73.867262915274068,40.860971764315238,"Traffic Signal Condition,Snow,Elevator"
-73.731454111570997,40.661756551586151,"Building/Use,Water Conservation,Snow"
-73.883400858223055,40.772730740576236,"Taxi Complaint,For Hire Vehicle Complaint,Illegal Parking"
-74.183609544951551,40.602582227039697,"Traffic Signal Condition,Water Conservation,Traffic"
-73.984452750714425,40.599698280416533,"Derelict Vehicles,Drinking,Blocked Driveway"
-74.141757914015429,40.608732299171173,"Highway Condition,Illegal Parking,Sanitation Condition"
-73.858043368478562,40.73458733486774,"Blocked Driveway,ELECTRIC,Traffic Signal Condition"
-73.897947907119615,40.826226354831554,"Blocked Driveway,Elevator,UNSANITARY CONDITION"
-73.984062056886884,40.641217668765456,"Derelict Bicycle,Overflowing Litter Baskets,PAINT/PLASTER"
-73.983080296121656,40.775504902115976,"Noise - Commercial,Homeless Person Assistance,Noise"
-73.822128783397758,40.752367859076855,"Smoking,Blocked Driveway,Noise - Park"
-74.11475416438293,40.633680227620985,"Air Quality,Drinking,Illegal Parking"
-73.925836665854291,40.758430091457292,"Traffic Signal Condition,Noise - Vehicle,Drinking"
-74.085292416349347,40.607421901390673,"Highway Condition,Animal Abuse,Blocked Driveway"
-73.851916481945935,40.691825486684273,"Blocked Driveway,Building/Use,Air Quality"
-73.913468042636936,40.689701197566485,"Noise - Vehicle,Traffic Signal Condition,Noise"
-73.760333652131848,40.695732790700397,"Dirty Conditions,Building/Use,Sewer"
-73.992621834828583,40.757999306158958,"Noise,Taxi Complaint,Noise - Vehicle"
-74.172493734540083,40.557667711645969,"Illegal Parking,Sanitation Condition,Traffic Signal Condition"
-73.90797894083704,40.849991503676101,"Noise - Street/Sidewalk,PLUMBING,Blocked Driveway"
-73.955208002337315,40.61823467125658,"Snow,WATER LEAK,Dirty Conditions"
-73.942578705126394,40.677569028408421,"WATER LEAK,Noise - Street/Sidewalk,Taxi Complaint"
-74.002113779005299,40.748403736805486,"Taxi Complaint,Noise - Commercial,Water System"
-74.222111366837169,40.546689484412411,"Derelict Vehicles,Dirty Conditions,Illegal Parking"
-73.976525164439622,40.752462124693686,"Homeless Encampment,Taxi Complaint,Noise - Commercial"
-73.858002705655323,40.754603063616479,"Blocked Driveway,Illegal Parking,Noise - Street/Sidewalk"
-73.984359137393128,40.693913432259357,"Fire Safety Director - F58,Food Poisoning,Traffic Signal Condition"
-73.839449279959823,40.86245749257386,"Blocked Driveway,Water Conservation,Damaged Tree"
