Longitude,Latitude,Labels
-73.949569164487158,40.640446537110762,"Building/Use,Blocked Driveway,Noise - Commercial"
-73.88763020636793,40.749199150378622,"Noise - Commercial,Blocked Driveway,Dead Tree"
-73.9177979774459,40.848901005524532,"Noise - Vehicle,Water System,Elevator"
-74.159769393115127,40.587782168987317,"Snow,Illegal Parking,Street Light Condition"
-73.979696812599428,40.742062375279993,"Indoor Air Quality,Smoking,Broken Muni Meter"
-73.831571610736006,40.690659865658667,"Special Projects Inspection Team (SPIT),Plumbing,Emergency Response Team (ERT)"
-73.740536744603588,40.719933226520766,"Building/Use,Derelict Vehicles,Derelict Vehicle"
-74.028324747028989,40.63533456140145,"Plant,Illegal Parking,PLUMBING"
-73.827624576302938,40.861505608427066,"Highway Condition,Street Light Condition,Sewer"
-73.959771235761295,40.674858354948832,"Noise - Commercial,Noise - Street/Sidewalk,Noise"
-73.829188490418019,40.744959666648725,"Noise - Park,Blocked Driveway,Highway Condition"
-73.960460604062703,40.802145830415505,"Noise - Street/Sidewalk,Noise - Park,Noise - Commercial"
-73.914539738558119,40.673475825778468,"Noise - Vehicle,Plumbing,Blocked Driveway"
-73.789106844804124,40.648084097578362,"Taxi Complaint,For Hire Vehicle Complaint,Taxi Report"
-73.975456697801249,40.593296032348377,"Illegal Parking,Derelict Vehicles,Dirty Conditions"
-74.110129191444415,40.63149982032094,"Dirty Conditions,Noise - Commercial,Derelict Vehicle"
-73.896945013577991,40.662698839080747,"Street Sign - Damaged,Overgrown Tree/Branches,Traffic Signal Condition"
-73.878048518338574,40.827610122584517,"Noise - Park,Noise - Street/Sidewalk,Street Light Condition"
-73.879289640112646,40.877790028807382,"Noise - Vehicle,HEAT/HOT WATER,Noise - Commercial"
-73.921409635783803,40.741582447770952,"Noise - Street/Sidewalk,Noise - Commercial,Blocked Driveway"
-73.992302242640093,40.698647361568462,"Air Quality,Taxi Complaint,Noise"
-73.808110934695463,40.590789287851187,"Noise - House of Worship,Street Sign - Missing,Water Conservation"
-73.98229894766645,40.761987428250634,"Vending,Taxi Complaint,Broken Muni Meter"
-74.241665618254032,40.512400539950576,"Sewer,Dead Tree,Noise - Commercial"
-73.761282964378026,40.686253655876456,"Street Light Condition,Noise - Vehicle,Derelict Vehicles"
-73.91152955087594,40.700983583570753,"Noise - Vehicle,Water System,Dirty Conditions"
-73.803888419096225,40.708374538621761,"Graffiti,Sewer,Street Light Condition"
-73.950616995426614,40.707599400862655,"Noise - Commercial,Noise - Street/Sidewalk,Noise - Vehicle"
-73.945725770616747,40.590053191367687,"Highway Condition,Blocked Driveway,Illegal Parking"
-73.770109744469849,40.760495178919577,"Street Sign - Damaged,Animal Abuse,Dead Tree"
-73.855036306404514,40.690600947022389,"Blocked Driveway,Derelict Vehicles,Building/Use"
-73.910373955267488,40.818712710871431,"Noise - Street/Sidewalk,PAINT/PLASTER,Noise - Vehicle"
-74.096513106454623,40.585927381233809,"Dirty Conditions,Traffic Signal Condition,Water Conservation"
-73.754434048456304,40.600880153773183,"Sewer,UNSANITARY CONDITION,Noise - Park"
-73.939906448585418,40.820069850396393,"Noise - Street/Sidewalk,Noise - Park,HEAT/HOT WATER"
-74.170177381668069,40.536793337173307,"General Construction/Plumbing,Dead Tree,Overgrown Tree/Branches"
-74.00281706799953,40.679851355560679,"Noise,Noise - Vehicle,Hazardous Materials"
-73.936098711177422,40.796693369627256,"Noise - Street/Sidewalk,Noise,Highway Condition"
-73.840184989305584,40.720429657394654,"Noise - Park,Highway Condition,Broken Muni Meter"
-73.991266192255267,40.736283398718136,"Homeless Person Assistance,Homeless Encampment,Noise - Park"
-73.812755748302052,40.81545139464459,"Illegal Parking,Noise - Street/Sidewalk,Street Light Condition"
-73.849392999878532,40.896948435662296,"Blocked Driveway,PLUMBING,PAINT/PLASTER"
-73.919335933687378,40.867485186546745,"Noise - Commercial,Noise - Park,Noise - Vehicle"
-73.715437002643483,40.741533090807522,"Noise - Park,Street Light Condition,Highway Condition"
-73.83035324706303,40.844381712428365,"Street Light Condition,Blocked Driveway,Illegal Parking"
-73.979176694039694,40.630553088554237,"Street Sign - Damaged,Street Light Condition,Noise - Park"
-73.931298885810463,40.854938478374734,"Noise - Street/Sidewalk,Water System,Noise - Vehicle"
-74.134841147038387,40.63221829168819,"Dirty Conditions,Missed Collection (All Materials),Building/Use"
-73.788605535694828,40.777878813177047,"Derelict Vehicle,Overgrown Tree/Branches,Damaged Tree"
-73.891413672235899,40.729616615510224,"Illegal Parking,Street Light Condition,Blocked Driveway"
-73.906371786923074,40.634132908692976,"Blocked Driveway,Illegal Parking,Street Light Condition"
-73.951492731880535,40.777168047804594,"Noise,Taxi Complaint,Air Quality"
-74.008621586434231,40.610005902972198,"Traffic,Highway Condition,Illegal Parking"
-73.843575336057953,40.784581501573939,"Illegal Parking,Street Sign - Damaged,Air Quality"
-73.923688260971062,40.702903604129837,"Water System,Noise - Street/Sidewalk,Noise - Vehicle"
-73.8574350650008,40.740729187454221,"Blocked Driveway,Highway Condition,Animal Abuse"
-73.801138277686135,40.692511995365678,"Derelict Vehicles,Water System,Sanitation Condition"
-73.917280853557941,40.758978856692366,"Noise - Commercial,Food Establishment,Noise - Vehicle"
-73.980486468807129,40.67315756757371,"Noise - Commercial,Lead,Noise - Park"
-73.864448785662958,40.848652169784792,"Highway Condition,Noise - Vehicle,Building/Use"
-73.741574427790482,40.69080047745237,"Street Sign - Damaged,Air Quality,Noise - Vehicle"
-73.951475527804718,40.74427152933189,"Noise - Commercial,Noise - Park,Noise"
-74.082266302483916,40.63761169934471,"Dirty Conditions,Animal Abuse,Water Conservation"
-74.138531036761762,40.610566720305684,"Dirty Conditions,Traffic Signal Condition,Street Condition"
-74.14626543373339,40.548562334638511,"Noise - Commercial,Blocked Driveway,Street Light Condition"
-73.880524692312122,40.665103274894271,"Street Sign - Damaged,Water System,Animal Abuse"
-74.069014331821734,40.610905293288482,"Dirty Conditions,Highway Condition,Illegal Parking"
-73.902971297687131,40.859370659785519,"Noise - Street/Sidewalk,PAINT/PLASTER,Water System"
-73.927694691307309,40.675822159733258,"PAINT/PLASTER,Noise - Commercial,Noise - Street/Sidewalk"
-73.750999271596214,40.741875303047095,"Street Sign - Damaged,Highway Condition,Overgrown Tree/Branches"
-73.943043619307701,40.834899327360475,"Noise - Street/Sidewalk,GENERAL,Noise - Vehicle"
-73.97235921717683,40.790721799941764,"Noise - Park,Lead,Elevator"
-74.160442977538636,40.6239474439259,"Highway Condition,Dirty Conditions,Sewer"
-73.928274152205887,40.637401005076754,"Street Sign - Damaged,Derelict Vehicles,Street Condition"
-73.961418472469248,40.580725273604273,"PLUMBING,Indoor Air Quality,Illegal Parking"
-73.763788855782806,40.712143325305654,"Street Light Condition,Noise - Vehicle,Noise - House of Worship"
-73.897610436181736,40.702551127829857,"Illegal Parking,Noise - Street/Sidewalk,Noise - Commercial"
-74.004659944295554,40.648732356643961,"Noise - Park,Noise - Commercial,Noise"
-73.960776680307319,40.622891303423209,"Street Sign - Damaged,Snow,WATER LEAK"
-73.907839291257986,40.606549163407792,"Highway Condition,Illegal Parking,Traffic"
-73.950473292411161,40.660705684334033,"Noise - Street/Sidewalk,Noise - Vehicle,Traffic Signal Condition"
-73.787362764079276,40.848323723771095,"Noise - Commercial,Illegal Parking,Street Light Condition"
-73.789164348994859,40.710018368146429,"Traffic,Noise - Vehicle,Food Establishment"
-73.988841452163214,40.687053091152769,"Noise,For Hire Vehicle Complaint,Street Light Condition"
-73.953006311879534,40.726200117936898,"Street Sign - Damaged,Noise - Park,Food Establishment"
-73.865344214283056,40.83056369012936,"Noise - Commercial,Noise - Street/Sidewalk,Noise - Vehicle"
-73.736659950923212,40.664473255278374,"Street Light Condition,Derelict Vehicle,Traffic Signal Condition"
-73.943631240765214,40.805378236562142,"Noise - Park,Noise - Street/Sidewalk,Noise - Vehicle"
-73.909529675270932,40.886366626595262,"Other Enforcement,Blocked Driveway,Noise - Park"
-73.991123786563818,40.577946184429422,"Elevator,Noise - Park,Street Sign - Missing"
-73.98241522285106,40.776172634639479,"Vending,Taxi Complaint,Homeless Person Assistance"
-73.983059063763932,40.727373273046148,"Noise - Commercial,Taxi Complaint,Food Establishment"
-73.793602324333406,40.762297375695084,"Derelict Vehicle,Illegal Parking,Damaged Tree"
-74.209039808558742,40.545504899151737,"Illegal Parking,Sewer,Noise"
-73.887296596195498,40.847026990105135,"Noise - Vehicle,Noise - Street/Sidewalk,ELECTRIC"
-73.999957412890907,40.746764297265017,"Taxi Complaint,Noise,Homeless Person Assistance"
-73.877918559579001,40.680235034751178,"Blocked Driveway,Noise - Vehicle,Derelict Vehicles"
-73.813650584473393,40.729461384288442,"Noise - Street/Sidewalk,Street Sign - Damaged,Damaged Tree"
-74.029536878532028,40.621026422107306,"Graffiti,Highway Condition,Street Light Condition"
-73.874636889622479,40.747685070527027,"Noise - Street/Sidewalk,Blocked Driveway,Noise"
-73.811924762024006,40.673690358101467,"Blocked Driveway,Derelict Vehicle,Damaged Tree"
-73.994954750624004,40.616887612209254,"Blocked Driveway,Illegal Parking,Food Establishment"
-73.857976246425594,40.575074225371615,"Construction,Street Light Condition,Water Conservation"
-73.95971214796586,40.653020082443504,"Noise - Street/Sidewalk,Noise - Park,Noise - Vehicle"
-73.955005603040334,40.685671967192029,"Noise - Commercial,Noise - Vehicle,Noise - Street/Sidewalk"
-73.959434365327354,40.766860982027275,"Taxi Complaint,Noise - Commercial,Homeless Encampment"
-73.861892065252789,40.756064069398157,"Blocked Driveway,Noise - House of Worship,Water System"
-73.942803542344606,40.687855804638936,"Noise - Park,Noise - Street/Sidewalk,Noise - Vehicle"
-74.128465843936837,40.567432797170866,"Overgrown Tree/Branches,Snow,Dead Tree"
-73.843031979494015,40.86500246877663,"Animal Abuse,Street Light Condition,Derelict Vehicle"
-73.85557941128107,40.709627895502088,"Derelict Vehicle,Hazardous Materials,Illegal Parking"
-73.832229407939352,40.706528325653331,"Noise - Commercial,Blocked Driveway,Street Light Condition"
-74.164448875027134,40.555660709268707,"Overgrown Tree/Branches,Snow,Street Light Condition"
-73.736782473318826,40.765793722769359,"Noise - Commercial,Street Sign - Damaged,Sewer"
-73.940317090078921,40.622949089980693,"Derelict Vehicle,Illegal Parking,Blocked Driveway"
-73.951667261846907,40.810908290470955,"Noise - Commercial,Noise - Park,Noise - Street/Sidewalk"
-73.89284551437288,40.818018890927284,"PLUMBING,Elevator,Noise - Vehicle"
-73.950403778857591,40.823977969250258,"Noise - Street/Sidewalk,Noise - Vehicle,Water System"
-74.010349271063674,40.708498974055153,"Noise,Taxi Complaint,Noise - Helicopter"
-73.790614023443325,40.674489627783487,"Derelict Vehicle,Fire Safety Director - F58,Noise - Vehicle"
-73.784912531706695,40.5936054200236,"UNSANITARY CONDITION,Animal Abuse,HEAT/HOT WATER"
-73.935284339515931,40.697352827096807,"Noise - Commercial,Animal Abuse,Noise - Vehicle"
-73.992191712489614,40.760673060536043,"Noise - Commercial,GENERAL,Vending"
-73.898072961631911,40.828916427276759,"Noise - Street/Sidewalk,Noise - Vehicle,HEAT/HOT WATER"
-74.086881161461775,40.614811582739577,"Noise - Street/Sidewalk,Highway Condition,Water Conservation"
-73.951171915843773,40.60936439671439,"Street Sign - Damaged,Derelict Vehicle,Other Enforcement"
-74.010438719018424,40.628085737457766,"Noise - Park,Building/Use,Illegal Parking"
-73.855561796883578,40.879002141262376,"Blocked Driveway,Water System,Water Conservation"
-74.002824491019837,40.734406445512604,"Noise,Homeless Person Assistance,Noise - Commercial"
-73.976177926040521,40.646486649086064,"Street Sign - Damaged,Noise - Park,Sewer"
-74.006675544730456,40.72212169159382,"Traffic,Noise,Noise - Commercial"
-74.182016894332733,40.554987819581036,"Illegal Parking,Derelict Vehicle,Street Light Condition"
-73.787055172457826,40.736675676353386,"Damaged Tree,Construction,Street Light Condition"
-73.93693823265393,40.756687456945038,"Noise - Park,Derelict Vehicles,Traffic Signal Condition"
-73.855376978240244,40.816691386603267,"Derelict Vehicles,Blocked Driveway,Animal Abuse"
-73.986052734132841,40.718057398412604,"Noise - Park,ELECTRIC,Noise - Commercial"
-73.891340122477516,40.678375454185833,"Noise - Commercial,Noise - Vehicle,Street Sign - Damaged"
-73.914117116531955,40.836856621044312,"Noise - Street/Sidewalk,Noise - Vehicle,Water System"
-73.948161285083572,40.791305153822861,"Noise - Street/Sidewalk,Elevator,Taxi Complaint"
-73.911248934708354,40.774174726716268,"Noise - Commercial,Blocked Driveway,Snow"
-73.829564389739289,40.760898644080889,"Food Establishment,Dirty Conditions,Drinking"
-73.837695389694716,40.655446094382697,"Noise - Commercial,Food Establishment,Damaged Tree"
-73.896469922715639,40.763243418102604,"Highway Condition,Illegal Parking,Blocked Driveway"
-73.929186279174971,40.588900397107821,"Plant,Highway Condition,Water Conservation"
-74.120271869702961,40.609003806057387,"Highway Condition,Snow,Street Light Condition"
-73.920971245472515,40.810436455888564,"Highway Condition,Noise - Street/Sidewalk,UNSANITARY CONDITION"
-73.994217013668802,40.600135350660622,"Blocked Driveway,UNSANITARY CONDITION,Street Light Condition"
-73.913820650886436,40.654501355415114,"Street Sign - Damaged,Derelict Vehicles,UNSANITARY CONDITION"
-73.853607655816148,40.667103501760735,"Sewer,Street Light Condition,Derelict Vehicles"
-73.903777092096178,40.745430535713282,"Blocked Driveway,Water System,Illegal Parking"
-73.966762938570326,40.636946800852357,"Elevator,ELECTRIC,Blocked Driveway"
-73.899780277060529,40.902820285161638,"Highway Condition,Derelict Vehicle,Street Sign - Missing"
-73.941879808821554,40.672299405615412,"Noise - Street/Sidewalk,UNSANITARY CONDITION,PLUMBING"
-73.849530545611287,40.837291156982715,"Graffiti,Highway Condition,DOOR/WINDOW"
-73.967606183037205,40.694060173494385,"Noise - Commercial,Noise - Park,Traffic Signal Condition"
-73.961142905572473,40.713570842936036,"Noise - Street/Sidewalk,HEAT/HOT WATER,Water System"
-73.989358189339484,40.664504297184465,"Traffic Signal Condition,Noise - Commercial,Derelict Bicycle"
-73.924474689507463,40.830596503315519,"Noise - Street/Sidewalk,Noise - Vehicle,Noise - Park"
-73.974857523441003,40.682918181499446,"Noise - Commercial,Noise - Park,Taxi Complaint"
-73.904287657809022,40.718938511331785,"Illegal Parking,Street Light Condition,Blocked Driveway"
-73.930093554340985,40.659618950737432,"Street Sign - Damaged,ELECTRIC,Blocked Driveway"
-73.923687375520899,40.617166320084287,"Illegal Parking,Derelict Vehicle,Derelict Vehicles"
-73.908760545193033,40.687752079949078,"Noise - Vehicle,Noise - Street/Sidewalk,Blocked Driveway"
-73.903522478352784,40.876004791951082,"Water System,Elevator,WATER LEAK"
-74.108373704452347,40.567616042635706,"Dirty Conditions,Sewer,Animal Abuse"
-73.863226626735468,40.891861735331418,"HEAT/HOT WATER,Water System,ELECTRIC"
-73.995455039864851,40.718942325636228,"Noise - Commercial,Taxi Complaint,Illegal Parking"
-73.890559219896716,40.642327030062347,"Illegal Parking,Street Sign - Damaged,Derelict Vehicles"
-74.015635810687954,40.642420798424219,"Water System,Noise - Street/Sidewalk,Highway Condition"
-73.960269992780482,40.601592242460519,"Elevator,Damaged Tree,Street Sign - Damaged"
-73.877657201002052,40.707791213033097,"Illegal Parking,Street Sign - Damaged,Street Light Condition"
-73.8156592996298,40.785733120810377,"Illegal Parking,Damaged Tree,Street Light Condition"
-73.85286106540434,40.728157200098302,"Elevator,Air Quality,Blocked Driveway"
-73.843330383966716,40.67919277650158,"Street Condition,Blocked Driveway,Traffic Signal Condition"
-73.866383329095314,40.681593877708892,"Noise - Commercial,Noise - Vehicle,Noise - House of Worship"
-73.818528007286432,40.687379190304142,"Blocked Driveway,Building/Use,Illegal Parking"
-73.969682127206738,40.756834969026578,"Taxi Complaint,Noise - Commercial,Highway Condition"
-73.891923943256174,40.865487922899149,"Noise - Vehicle,Elevator,PLUMBING"
-73.817527777582782,40.707963539659943,"Water System,Highway Condition,Traffic Signal Condition"
-73.823228438575555,40.829789177718865,"Street Light Condition,Illegal Parking,Derelict Vehicle"
-73.7817190914283,40.691701878970484,"Derelict Vehicle,Sewer,Street Sign - Dangling"
-73.925724295149337,40.769001119837114,"Blocked Driveway,Traffic Signal Condition,Noise - Vehicle"
-73.871604581399424,40.727897759132496,"Illegal Parking,Traffic Signal Condition,Blocked Driveway"
-74.0755641510858,40.595957612672073,"Sewer,Illegal Parking,Snow"
-73.763470534330949,40.664970993156153,"Traffic Signal Condition,Highway Condition,Blocked Driveway"
-73.977585805670074,40.6105301739479,"Street Sign - Damaged,Smoking,Illegal Parking"
-73.829821143406818,40.58135775594517,"Noise - Street/Sidewalk,Traffic Signal Condition,Noise - Commercial"
-73.876586445135189,40.764243965589387,"Blocked Driveway,Taxi Complaint,For Hire Vehicle Complaint"
-73.994815221648224,40.637947697536021,"Street Sign - Damaged,Illegal Parking,Traffic Signal Condition"
-73.905636137892543,40.845856989052216,"Noise - Vehicle,Noise - Street/Sidewalk,Noise - Park"
-73.927345104098976,40.86402237898281,"Noise - Street/Sidewalk,Indoor Air Quality,Noise - Commercial"
-73.813642637070146,40.759511030350232,"Illegal Parking,Blocked Driveway,Street Sign - Damaged"
-73.865485618936049,40.864881935823682,"Animal Abuse,Noise - Park,Water System"
-73.834315965060355,40.8848238111161,"Noise - Vehicle,PLUMBING,Illegal Parking"
-74.200067652675074,40.530076871177442,"Dirty Conditions,Street Light Condition,Illegal Parking"
-73.923945686152649,40.688221391486813,"Noise - Vehicle,Animal Abuse,Noise - Street/Sidewalk"
-73.937604779147463,40.845535976084392,"Noise - Street/Sidewalk,Water System,Noise - Vehicle"
-73.940235362998507,40.717604198189655,"Graffiti,Noise,Dirty Conditions"
-74.187145028669661,40.594366331346038,"Animal Abuse,Sewer,Dirty Conditions"
-73.986895252804771,40.749614250700176,"Homeless Person Assistance,Broken Muni Meter,Taxi Complaint"
