Longitude,Latitude,Labels
-73.849494450181737,40.839865996584415,"Derelict Vehicle,Consumer Complaint,Special Enforcement"
-73.989400976761161,40.696116188389468,"Fire Safety Director - F58,Special Enforcement,Noise - Park"
-73.831636611284395,40.689188690677625,"Special Projects Inspection Team (SPIT),Emergency Response Team (ERT),Plumbing"
-74.155291474861286,40.55794548750611,"Root/Sewer/Sidewalk Condition,Dead Tree,Water Conservation"
-73.951734923239812,40.780327174189345,"DOF Parking - Tax Exemption,Taxi Complaint,Air Quality"
-73.960112695738573,40.642278834707653,"DOOR/WINDOW,UNSANITARY CONDITION,PAINT/PLASTER"
-73.787681774547025,40.754156138723211,"Street Sign - Missing,Construction,Overgrown Tree/Branches"
-73.918125898099106,40.842911314935236,"PAINT/PLASTER,Elevator,DOOR/WINDOW"
-73.923297211157163,40.74188931695339,"Traffic Signal Condition,Construction,Special Enforcement"
-74.009688459112681,40.626939516114547,"Electrical,Building/Use,Traffic Signal Condition"
-73.7498207299911,40.602168101414762,"Construction,Elevator,Special Enforcement"
-73.91067646358799,40.67402688128243,"Traffic Signal Condition,Graffiti,Street Light Condition"
-73.992413991034695,40.761676529169343,"Taxi Complaint,Traffic,Special Projects Inspection Team (SPIT)"
-73.961365046461651,40.580856034097209,"Broken Muni Meter,Electrical,Consumer Complaint"
-73.880689041983629,40.877388095138436,"Elevator,PAINT/PLASTER,PLUMBING"
-73.735615739490299,40.672027520478636,"Root/Sewer/Sidewalk Condition,Noise - Park,Dead Tree"
-74.115105115204287,40.63271470750459,"Derelict Vehicle,Missed Collection (All Materials),Snow"
-73.866592204079566,40.752917206772601,"Construction,Water System,Vending"
-74.240916143331589,40.510808893074135,"General Construction/Plumbing,Dead Tree,Special Enforcement"
-74.083264029761906,40.63792984277508,"Water Conservation,Missed Collection (All Materials),Street Condition"
-73.848004834363223,40.576244895613733,"Construction,Illegal Parking,Dead Tree"
-73.758323058967122,40.716925794299691,"Noise - House of Worship,Highway Condition,Street Light Condition"
-73.911637041940295,40.689081534745803,"UNSANITARY CONDITION,ELECTRIC,PLUMBING"
-73.981368426775603,40.727872389927136,"Food Establishment,Derelict Bicycle,Illegal Parking"
-73.926223668880212,40.614924533884661,"Derelict Vehicle,Derelict Vehicles,Root/Sewer/Sidewalk Condition"
-73.81974624441095,40.786884362269241,"Construction,Damaged Tree,Special Enforcement"
-73.961624510268905,40.691173801068743,"General Construction/Plumbing,PAINT/PLASTER,Street Sign - Missing"
-73.976242037310712,40.611932823024709,"Traffic Signal Condition,Other Enforcement,Street Sign - Damaged"
-73.773500472177801,40.666775160615089,"Fire Safety Director - F58,Traffic Signal Condition,Street Sign - Damaged"
-73.812025291363554,40.721813361849996,"Highway Condition,Construction,Street Sign - Damaged"
-74.004231650310984,40.729783688338934,"Traffic,Food Establishment,Fire Safety Director - F58"
-73.887381622839825,40.84892259330492,"PLUMBING,Special Enforcement,UNSANITARY CONDITION"
-73.948481559514676,40.825226512601937,"Elevator,PAINT/PLASTER,FLOORING/STAIRS"
-73.864490743795713,40.684308015012071,"Graffiti,Building/Use,Derelict Vehicles"
-73.844400502222442,40.784340936878252,"Construction,Derelict Vehicle,Air Quality"
-73.979557399902262,40.68425782130641,"Traffic,Traffic Signal Condition,Sidewalk Condition"
-73.738296790867579,40.76609267974063,"Construction,Dead Tree,Street Sign - Damaged"
-73.847273384667446,40.867365257071405,"Root/Sewer/Sidewalk Condition,Street Light Condition,Dead Tree"
-74.158582847885128,40.612575920798719,"Water Conservation,Root/Sewer/Sidewalk Condition,Traffic Signal Condition"
-73.923651121970977,40.865365540827703,"Graffiti,PAINT/PLASTER,Indoor Air Quality"
-74.093997294607121,40.584267682829903,"Water Conservation,Overgrown Tree/Branches,Traffic Signal Condition"
-73.938901839691695,40.665031632917376,"Noise - Park,DOOR/WINDOW,FLOORING/STAIRS"
-73.843147165547677,40.721800507275475,"Broken Muni Meter,Street Sign - Damaged,Highway Condition"
-74.193814694780883,40.535156759620385,"Overgrown Tree/Branches,Root/Sewer/Sidewalk Condition,Street Condition"
-73.885018102269612,40.747510036084762,"Construction,Recycling Enforcement,Broken Muni Meter"
-73.972939751533701,40.751033320698077,"Fire Safety Director - F58,Taxi Complaint,Traffic"
-73.91684100187112,40.759583715579311,"Broken Muni Meter,Construction,Special Enforcement"
-73.829165432636785,40.759109020324658,"Construction,Special Enforcement,Fire Safety Director - F58"
-73.715497915867971,40.740932986509755,"Construction,Root/Sewer/Sidewalk Condition,Street Light Condition"
-73.908664466126595,40.640507475587036,"Derelict Vehicles,Overgrown Tree/Branches,Root/Sewer/Sidewalk Condition"
-73.976186189167777,40.644442468308192,"Traffic Signal Condition,Sewer,Litter Basket / Request"
-73.889674071333658,40.817883474383123,"Street Light Condition,Graffiti,Special Enforcement"
-74.006594854315324,40.609401539197613,"Traffic Signal Condition,Overgrown Tree/Branches,Broken Muni Meter"
-73.955465407152914,40.717093363439382,"Special Projects Inspection Team (SPIT),HEAT/HOT WATER,Derelict Bicycle"
-73.972400610164144,40.789986366440147,"Air Quality,Indoor Air Quality,Broken Muni Meter"
-73.937173068574651,40.797097236809883,"Highway Condition,PLUMBING,GENERAL"
-73.814986736079476,40.672590312030138,"Construction,Building/Use,Overgrown Tree/Branches"
-74.006428627896796,40.649074657978161,"Graffiti,Animal Abuse,Street Condition"
-73.860448433396343,40.887057917631338,"PAINT/PLASTER,PLUMBING,DOOR/WINDOW"
-73.993724685808814,40.60113843789491,"Traffic Signal Condition,Broken Muni Meter,General Construction/Plumbing"
-73.819545197602366,40.588834274587896,"Illegal Parking,Construction,Blocked Driveway"
-73.781403801424915,40.689518290028133,"Sewer,Overgrown Tree/Branches,Water Conservation"
-73.786953643430394,40.847805741109447,"Street Light Condition,Snow,Traffic"
-73.898386289985382,40.70184944963934,"Construction,Special Enforcement,Damaged Tree"
-74.010153876070476,40.709967751767707,"Fire Safety Director - F58,Vending,Taxi Complaint"
-73.992755989856434,40.741548909892913,"Fire Safety Director - F58,Broken Muni Meter,Taxi Complaint"
-73.931034851227267,40.697647171180563,"UNSANITARY CONDITION,Traffic Signal Condition,PAINT/PLASTER"
-73.941907355978088,40.621042714105513,"Overgrown Tree/Branches,Root/Sewer/Sidewalk Condition,Traffic Signal Condition"
-73.934062709468648,40.851339310172555,"FLOORING/STAIRS,Graffiti,DOOR/WINDOW"
-73.903136152722055,40.861452808481992,"PAINT/PLASTER,Elevator,PLUMBING"
-73.965119285172477,40.761508084550321,"Taxi Complaint,Fire Safety Director - F58,Special Enforcement"
-74.070435569685188,40.603210194056928,"Water Conservation,Missed Collection (All Materials),Street Condition"
-73.965285542016986,40.678112762197642,"General Construction/Plumbing,Broken Muni Meter,Air Quality"
-73.797416660858374,40.764556666281528,"Construction,Damaged Tree,Street Light Condition"
-73.922934452269843,40.653993389924345,"PAINT/PLASTER,UNSANITARY CONDITION,WATER LEAK"
-73.891952381837896,40.728389471414708,"Construction,Root/Sewer/Sidewalk Condition,Derelict Vehicle"
-73.878197240905806,40.677756517192492,"Graffiti,UNSANITARY CONDITION,Water System"
-73.982283527446654,40.582326032540209,"Traffic Signal Condition,Consumer Complaint,Food Establishment"
-73.84851893340327,40.688916876953407,"Construction,Overgrown Tree/Branches,Building/Use"
-73.828534872212188,40.843136975554884,"Derelict Vehicle,Street Light Condition,Overgrown Tree/Branches"
-73.895039424189378,40.765211498904854,"Highway Condition,Construction,Building/Use"
-73.917066902990342,40.591315871733151,"Highway Condition,Maintenance or Facility,Traffic Signal Condition"
-73.876218052643907,40.826521186090133,"Elevator,Street Light Condition,Special Enforcement"
-73.850172878927367,40.669855348797824,"Derelict Vehicle,Street Sign - Damaged,Derelict Vehicles"
-74.158005739704564,40.587651360793004,"Special Enforcement,Root/Sewer/Sidewalk Condition,Water Conservation"
-73.864885647787858,40.869273853823991,"Elevator,Derelict Vehicles,PLUMBING"
-73.944041850108292,40.807489297088132,"Special Projects Inspection Team (SPIT),General Construction/Plumbing,Consumer Complaint"
-73.780208323547512,40.712331055756572,"Highway Condition,Construction,Building/Use"
-73.992802787227731,40.664796570092086,"Street Light Condition,Graffiti,Sidewalk Condition"
-73.941689283928213,40.600919706480717,"Root/Sewer/Sidewalk Condition,Traffic Signal Condition,Graffiti"
-73.962436237745521,40.801187630794502,"Air Quality,Elevator,PLUMBING"
-73.935744103110551,40.75524050618391,"Construction,Fire Safety Director - F58,Special Enforcement"
-73.953345264054093,40.67014127489891,"PAINT/PLASTER,UNSANITARY CONDITION,DOOR/WINDOW"
-73.945481305060298,40.701696723454383,"Noise - Commercial,Street Light Condition,Graffiti"
-73.817144738717843,40.82168149606246,"Street Light Condition,Derelict Vehicle,Snow"
-73.907631127795341,40.849770497067283,"DOOR/WINDOW,PLUMBING,PAINT/PLASTER"
-73.813666237378357,40.704627120712004,"Broken Muni Meter,Construction,Consumer Complaint"
-73.738329658132955,40.722800900731087,"Street Light Condition,Derelict Vehicle,Construction"
-73.900877357510439,40.903775834702053,"Special Enforcement,Highway Condition,Root/Sewer/Sidewalk Condition"
-74.147819031535548,40.543856977949943,"Street Light Condition,Street Condition,Sewer"
-73.905805064687755,40.817726209245144,"Special Enforcement,PAINT/PLASTER,Graffiti"
-74.166623568839611,40.539977594637577,"Root/Sewer/Sidewalk Condition,Overgrown Tree/Branches,Dead Tree"
-74.217134051042393,40.536655676083214,"Water System,Damaged Tree,Missed Collection (All Materials)"
-73.780602221257482,40.777397217021758,"Construction,Dead Tree,Street Light Condition"
-74.131538048411485,40.565523837921837,"Root/Sewer/Sidewalk Condition,Overgrown Tree/Branches,Damaged Tree"
-73.906296179069344,40.881092138768629,"Special Enforcement,UNSANITARY CONDITION,Highway Condition"
-73.793805711869439,40.592868840903591,"Construction,Street Light Condition,Sewer"
-74.030887608881869,40.619508355471694,"Graffiti,Maintenance or Facility,PLUMBING"
-73.984279307726482,40.765845133066307,"Fire Safety Director - F58,Vending,Taxi Complaint"
-73.757755953568733,40.679688702360792,"Overgrown Tree/Branches,Derelict Vehicle,Derelict Vehicles"
-74.127626627732113,40.609031069897668,"Root/Sewer/Sidewalk Condition,Highway Condition,Water Conservation"
-74.087795192317998,40.613661081379902,"Highway Condition,Sanitation Condition,Water Conservation"
-74.160648653603332,40.631040430010607,"Street Condition,Water Conservation,Missed Collection (All Materials)"
-73.944969985648669,40.683456797074648,"General Construction/Plumbing,PAINT/PLASTER,Street Light Condition"
-73.987888860403473,40.717848876677358,"Graffiti,Fire Safety Director - F58,Air Quality"
-73.992990658608761,40.752332357893245,"Fire Safety Director - F58,Taxi Complaint,Consumer Complaint"
-73.74694917038434,40.65743205192468,"Root/Sewer/Sidewalk Condition,Derelict Vehicle,Damaged Tree"
-73.927220137167694,40.768139552998093,"Construction,Noise,Traffic Signal Condition"
-73.946056915521339,40.641864530717562,"PAINT/PLASTER,DOOR/WINDOW,WATER LEAK"
-73.900703283414558,40.658910236864116,"Overgrown Tree/Branches,Street Light Condition,Root/Sewer/Sidewalk Condition"
-73.957790826785654,40.605083308667744,"Broken Muni Meter,Elevator,Other Enforcement"
-73.737945104598026,40.699163556306836,"Root/Sewer/Sidewalk Condition,Street Light Condition,Dead Tree"
-73.876140762817329,40.765511231647643,"Taxi Complaint,Construction,For Hire Vehicle Complaint"
-73.855052727557378,40.744051168841217,"Highway Condition,Construction,Water System"
-73.863806238110143,40.853881237744339,"Elevator,Broken Muni Meter,Snow"
-73.973760758303811,40.631307324906174,"Traffic Signal Condition,Curb Condition,Snow"
-73.94950988643113,40.746383197029651,"Construction,Special Enforcement,Traffic Signal Condition"
-73.892524237771696,40.832697151790306,"DOOR/WINDOW,PAINT/PLASTER,Water System"
-73.938664787714586,40.820482871900943,"PLUMBING,GENERAL,FLOORING/STAIRS"
-73.940981636966626,40.71770301229639,"Highway Condition,Broken Muni Meter,Food Establishment"
-73.910149616254515,40.831475665151679,"PLUMBING,PAINT/PLASTER,UNSANITARY CONDITION"
-73.831359880802864,40.707101994214064,"Highway Condition,Graffiti,Construction"
-73.834575539467309,40.883927004563049,"Derelict Vehicles,Consumer Complaint,Derelict Vehicle"
-73.753313630957734,40.742264304952805,"Construction,Street Light Condition,Highway Condition"
-73.789285663573281,40.648232859247052,"Taxi Complaint,For Hire Vehicle Complaint,Taxi Report"
-73.993102316976064,40.684703454018816,"Special Enforcement,Traffic Signal Condition,Air Quality"
-73.85382342396278,40.818896266139511,"Street Light Condition,Derelict Vehicle,Animal Abuse"
-73.9025838045238,40.745830496580261,"Construction,Traffic Signal Condition,Blocked Driveway"
-73.814600308509625,40.768315436244819,"Construction,Dead Tree,Damaged Tree"
-74.003162899269114,40.743126891228698,"Taxi Complaint,Fire Safety Director - F58,Food Poisoning"
-73.857046253184947,40.711366735582516,"Hazardous Materials,Root/Sewer/Sidewalk Condition,Traffic Signal Condition"
-73.906305653724942,40.719442829345176,"Construction,Derelict Vehicle,Water Conservation"
-73.85709801705687,40.729418757779598,"Special Enforcement,Air Quality,Construction"
-74.181648021428444,40.555805242012994,"Water Conservation,Root/Sewer/Sidewalk Condition,Street Light Condition"
-73.825740452938348,40.740118146225718,"Construction,Highway Condition,Broken Muni Meter"
-73.838145089058159,40.658940321730512,"Construction,Dead Tree,Root/Sewer/Sidewalk Condition"
-73.956660888187457,40.770915773887275,"Taxi Complaint,General Construction/Plumbing,DOF Parking - Tax Exemption"
-74.13802768676463,40.629972729138281,"Water Conservation,Root/Sewer/Sidewalk Condition,Missed Collection (All Materials)"
-73.852162154953362,40.897965262334857,"Water Conservation,Root/Sewer/Sidewalk Condition,Electrical"
-73.872891055607653,40.731859868939935,"Special Enforcement,Construction,Root/Sewer/Sidewalk Condition"
-73.892624568350755,40.638089433436072,"Root/Sewer/Sidewalk Condition,Derelict Vehicles,Dead Tree"
-73.941517403451883,40.837615910193115,"GENERAL,DOOR/WINDOW,Elevator"
-73.865124806293792,40.836303912077099,"Broken Muni Meter,UNSANITARY CONDITION,Highway Condition"
-73.796715636008201,40.705643604472925,"Construction,Consumer Complaint,Elevator"
-73.91985754617896,40.811285678115318,"Graffiti,Consumer Complaint,Special Enforcement"
-73.943370433042816,40.586426910014609,"Graffiti,Dead Tree,Highway Condition"
-74.110673279092723,40.569171575786122,"Root/Sewer/Sidewalk Condition,Overgrown Tree/Branches,Damaged Tree"
-73.764245026702724,40.598318110204112,"Building/Use,Street Sign - Missing,UNSANITARY CONDITION"
-73.891978081187474,40.673814135283529,"Graffiti,UNSANITARY CONDITION,Building/Use"
-73.983469470648757,40.753595411364905,"Fire Safety Director - F58,Vending,Taxi Complaint"
-73.925244850735453,40.682890521867797,"Traffic Signal Condition,Street Light Condition,PLUMBING"
-73.981302047092825,40.778588828617934,"Vending,Air Quality,Taxi Complaint"
-73.893018112945782,40.865191600981255,"PAINT/PLASTER,Special Enforcement,Elevator"
-73.959237559143546,40.622063988313833,"Street Sign - Damaged,Graffiti,Elevator"
-73.95340090026869,40.729753428494398,"Special Projects Inspection Team (SPIT),Air Quality,Graffiti"
-73.830155934852016,40.866786531983074,"Special Enforcement,DOF Property - Reduction Issue,Street Light Condition"
-73.876941341807111,40.660397087420591,"Street Light Condition,Special Enforcement,Traffic Signal Condition"
-73.811847312591752,40.748575010671061,"Construction,Building/Use,Dirty Conditions"
-73.9988779396311,40.719402249786874,"Fire Safety Director - F58,Food Establishment,Vending"
-73.928469029121672,40.633647117841143,"Derelict Vehicles,Traffic Signal Condition,Root/Sewer/Sidewalk Condition"
-73.974926582239576,40.761552249798228,"Fire Safety Director - F58,Taxi Complaint,EAP Inspection - F59"
-73.917081017494468,40.703050187850231,"Water System,Traffic Signal Condition,Curb Condition"
-73.793406728515222,40.730719454960564,"Construction,Dead Tree,Traffic Signal Condition"
-73.956859264193909,40.655371645863177,"PLUMBING,Elevator,PAINT/PLASTER"
-74.013800168291297,40.641598109080121,"Graffiti,Vending,Traffic Signal Condition"
-73.796119919261315,40.679690340297661,"Water Conservation,Construction,Derelict Vehicle"
-73.815071255564362,40.689428702435144,"Building/Use,Construction,Derelict Vehicle"
-73.974334332811011,40.597666429891873,"Graffiti,Overgrown Tree/Branches,Damaged Tree"
-73.991757681479612,40.618793894811269,"Traffic Signal Condition,Other Enforcement,Street Condition"
-73.948265220988844,40.793786957737659,"Elevator,Food Establishment,Taxi Complaint"
-73.993875367787766,40.637761913167594,"Traffic Signal Condition,ELECTRIC,Street Sign - Damaged"
-74.189312744231927,40.594253142494267,"Water Conservation,Fire Safety Director - F58,Special Enforcement"
-73.990912444831579,40.730995028064584,"Fire Safety Director - F58,Homeless Encampment,Food Establishment"
-73.926394078195671,40.667924543656206,"PAINT/PLASTER,PLUMBING,WATER LEAK"
-73.775938308966786,40.741318247901731,"Damaged Tree,Construction,Street Light Condition"
-73.981094004145049,40.667753732142117,"Street Light Condition,Special Enforcement,Broken Muni Meter"
-73.802579944052837,40.785707816848195,"Construction,Damaged Tree,Snow"
-73.770292642622195,40.76110778279817,"Construction,Broken Muni Meter,Street Sign - Damaged"
-73.998022099919439,40.575505073005324,"Elevator,DOOR/WINDOW,Illegal Parking"
-73.75963389283109,40.698479720690045,"Root/Sewer/Sidewalk Condition,Overgrown Tree/Branches,Building/Use"
-73.91079349932582,40.774835699478906,"Construction,Graffiti,Special Enforcement"
-73.981746724940209,40.741892033280635,"Broken Muni Meter,Fire Safety Director - F58,Indoor Air Quality"
-73.877006049701336,40.708537311347193,"Construction,Overgrown Tree/Branches,Damaged Tree"
-73.954650487915472,40.814150904054472,"PAINT/PLASTER,PLUMBING,DOOR/WINDOW"
-74.006056068097536,40.67792649496235,"Street Light Condition,Highway Condition,Air Quality"
-73.909957362007589,40.617299233578507,"Dead Tree,Overgrown Tree/Branches,Highway Condition"
-74.026769006720286,40.632701140637799,"Graffiti,Air Quality,Root/Sewer/Sidewalk Condition"
-73.91159983253641,40.560176339857968,"Construction,Illegal Parking,Street Light Condition"
-73.961151094200446,40.710383890222481,"Special Projects Inspection Team (SPIT),Other Enforcement,Air Quality"
-73.924459426779634,40.830888166058465,"PLUMBING,Elevator,UNSANITARY CONDITION"
