Longitude,Latitude,Labels
-73.930420676367177,40.857194986806945,"Water System,Noise - Helicopter,Boilers"
-73.943850844095579,40.7044361711839,"Traffic Signal Condition,Sewer,Illegal Parking"
-73.778775468405613,40.669062270091288,"Sewer,Highway Condition,Traffic Signal Condition"
-74.070551752225469,40.598144459422166,"Street Condition,Sewer,Water Conservation"
-73.973197142529088,40.634351492551481,"Illegal Parking,Traffic Signal Condition,Sewer"
-73.852196836170037,40.732335151368332,"Noise,Highway Condition,Blocked Driveway"
-73.977982693598278,40.760309765930096,"Homeless Encampment,Fire Safety Director - F58,Homeless Person Assistance"
-73.86871064064222,40.840822212393135,"Highway Condition,Blocked Driveway,Sewer"
-73.906071564985041,40.653370232431961,"Derelict Vehicles,Sanitation Condition,Blocked Driveway"
-74.18717720825552,40.530432982918221,"Dirty Conditions,Street Condition,Snow"
-73.782793751061007,40.729103980974699,"Highway Condition,Derelict Vehicle,Sewer"
-73.994512028998059,40.724269320337513,"Homeless Encampment,Fire Safety Director - F58,Special Projects Inspection Team (SPIT)"
-73.930395203749271,40.769974371337966,"Air Quality,Noise,Blocked Driveway"
-74.156802947237324,40.630979972174025,"Street Condition,Sewer,Snow"
-74.031879586345411,40.620027870834186,"Sewer,Highway Condition,Illegal Parking"
-73.878459529092879,40.709320100926973,"Snow,Derelict Vehicle,Overflowing Litter Baskets"
-73.831957535257629,40.689801830681041,"Special Projects Inspection Team (SPIT),Plumbing,BEST/Site Safety"
-73.936933386088299,40.802106228613866,"Homeless Encampment,Homeless Person Assistance,Bridge Condition"
-73.768214731395844,40.599331582544679,"Street Sign - Missing,General Construction/Plumbing,Vacant Lot"
-73.975803613250605,40.675970480721361,"Noise - Helicopter,Noise,Noise - Commercial"
-73.926348377508887,40.615436004863255,"Derelict Vehicle,Derelict Vehicles,Traffic Signal Condition"
-73.900906095393125,40.744603609056554,"Blocked Driveway,Traffic Signal Condition,Highway Condition"
-73.807765402508352,40.760547879819967,"Building/Use,Sewer,Blocked Driveway"
-73.851086553998798,40.898191639486861,"Blocked Driveway,DOOR/WINDOW,Derelict Vehicles"
-73.713284737430541,40.74125285866085,"Sewer,Damaged Tree,Derelict Vehicle"
-73.901149243420562,40.874524409687993,"Water System,HEAT/HOT WATER,Highway Condition"
-73.73888999504095,40.677612004032412,"Damaged Tree,Sewer,Dead Tree"
-73.936474666404081,40.666590701270842,"PAINT/PLASTER,UNSANITARY CONDITION,FLOORING/STAIRS"
-73.816315698058759,40.822754623333942,"Noise,Sewer,Highway Condition"
-74.121898353052146,40.569419185572478,"Damaged Tree,Snow,Sanitation Condition"
-73.966062102534821,40.59425805984943,"Root/Sewer/Sidewalk Condition,Street Light Condition,Traffic Signal Condition"
-73.964493520250016,40.801709212254757,"Noise - Helicopter,Homeless Person Assistance,Sewer"
-73.878196625990455,40.766585928707322,"Highway Condition,Taxi Complaint,Derelict Vehicles"
-74.130770012829686,40.609075059682489,"Highway Condition,Sewer,Street Condition"
-73.890778445878979,40.678744087563821,"Highway Condition,Traffic Signal Condition,Derelict Vehicles"
-73.886228147892908,40.814211670911348,"Illegal Parking,PLUMBING,Air Quality"
-73.926581786035342,40.829616911372476,"Highway Condition,Elevator,DOOR/WINDOW"
-73.928323010132303,40.682156413802716,"Blocked Driveway,Sanitation Condition,PAINT/PLASTER"
-73.73593729946694,40.72153582472712,"Derelict Vehicles,Sanitation Condition,Derelict Vehicle"
-74.001463591455476,40.625602838996279,"Illegal Parking,Sanitation Condition,Traffic Signal Condition"
-73.992195169229646,40.692907357548634,"Noise - Helicopter,Noise,Sewer"
-73.806417022684812,40.694655555253689,"Derelict Vehicles,Sewer,Blocked Driveway"
-73.818248114087311,40.592474804220814,"Street Condition,Traffic Signal Condition,Street Sign - Missing"
-73.952668157129096,40.775509697705353,"Noise,Air Quality,Vending"
-73.834868410157384,40.862143676004806,"Derelict Vehicle,Snow,Street Light Condition"
-73.989544034293104,40.638814939012498,"Sewer,Illegal Parking,Traffic Signal Condition"
-73.856290771084204,40.69032898815707,"Derelict Vehicles,Blocked Driveway,Building/Use"
-73.766827921584721,40.765673919371302,"Snow,Dead Tree,Damaged Tree"
-73.900678266120934,40.710223437434195,"Sanitation Condition,Blocked Driveway,Street Sign - Damaged"
-74.083787576716475,40.637244305893113,"Sanitation Condition,Street Condition,Sewer"
-73.949430948899987,40.823616653408031,"Water System,HEAT/HOT WATER,Elevator"
-73.905611180719532,40.846791755524613,"Water System,Elevator,PAINT/PLASTER"
-74.143937037411717,40.558585050577165,"Snow,Noise,Sewer"
-73.987353383624125,40.747717118187822,"Homeless Encampment,Fire Safety Director - F58,Taxi Complaint"
-73.842499824928183,40.824886826684917,"Air Quality,Highway Condition,Derelict Vehicle"
-73.955592769869654,40.656992891001806,"PAINT/PLASTER,Derelict Vehicles,Illegal Parking"
-74.240285546064143,40.510284661512635,"Sewer,Overgrown Tree/Branches,Root/Sewer/Sidewalk Condition"
-73.952129881429357,40.712851471176315,"Sanitation Condition,Highway Condition,Indoor Air Quality"
-73.926828412985984,40.648397497966968,"Derelict Vehicles,Street Sign - Missing,Root/Sewer/Sidewalk Condition"
-73.944028835079948,40.751309976644599,"Illegal Parking,Noise,Derelict Vehicles"
-73.816336494209665,40.785279028916435,"Sewer,Damaged Tree,Missed Collection (All Materials)"
-73.815541435286235,40.670398040750058,"Derelict Vehicle,Street Condition,Illegal Parking"
-73.7910734530318,40.708208342089385,"Traffic,Traffic Signal Condition,PLUMBING"
-74.009208476735637,40.709321738071971,"Street Sign - Damaged,Homeless Encampment,Fire Safety Director - F58"
-73.813278160567137,40.731232666790902,"Sewer,Derelict Vehicles,Illegal Parking"
-73.881561549164843,40.749972468221138,"Blocked Driveway,Sewer,Construction"
-73.981373514383151,40.778656432316723,"Homeless Person Assistance,Noise,Noise - Helicopter"
-73.867565022151751,40.873416850910687,"HEAT/HOT WATER,Blocked Driveway,Water System"
-73.859313106789287,40.573583581109581,"Dead Tree,Curb Condition,Hazardous Materials"
-73.954867751091896,40.610394789366836,"Sewer,Water System,Illegal Parking"
-73.988475332257764,40.665394263600852,"Noise,Traffic Signal Condition,Sewer"
-73.875443969521413,40.665158479347468,"Building/Use,Blocked Driveway,Street Condition"
-73.843306872979866,40.783808132144806,"Air Quality,Blocked Driveway,Derelict Vehicle"
-74.09467356976063,40.588428328053958,"Street Condition,Snow,Sewer"
-73.922686855565573,40.866088768392402,"Sanitation Condition,Water System,Noise - Vehicle"
-73.855863723178999,40.709127207803952,"Hazardous Materials,Highway Condition,Damaged Tree"
-73.913425991129884,40.773137223689552,"Noise - Commercial,Blocked Driveway,Illegal Parking"
-73.92404840086914,40.741100431834212,"Traffic Signal Condition,Highway Condition,Blocked Driveway"
-73.937192239074264,40.719073572426318,"Noise,Air Quality,Noise - Vehicle"
-73.906373166979463,40.615284911491052,"Air Quality,Illegal Parking,Highway Condition"
-73.752273410747804,40.602649078623536,"Street Sign - Missing,Animal Abuse,Sanitation Condition"
-74.188389646059832,40.59621688507859,"Street Condition,Other Enforcement,Sewer"
-74.002874561283576,40.737288934423255,"Noise,Homeless Encampment,Sewer"
-73.945619210363603,40.64735680531404,"Derelict Vehicles,Blocked Driveway,Snow"
-73.919731386027294,40.809872986797501,"Homeless Encampment,Sanitation Condition,Blocked Driveway"
-73.741220036472157,40.698352688145292,"Air Quality,Sanitation Condition,Derelict Vehicle"
-74.007260682755501,40.647841162211662,"Noise - Park,Blocked Driveway,Traffic Signal Condition"
-74.13445888463059,40.631663727555811,"Damaged Tree,Street Condition,Derelict Vehicle"
-73.767343075214924,40.712922839779878,"Noise - House of Worship,Sewer,Building/Use"
-73.88954746557252,40.831420171057907,"Sanitation Condition,Derelict Vehicles,Water System"
-73.98894396942903,40.76365059771117,"GENERAL,Noise,Noise - Vehicle"
-73.850914069103268,40.663552424066573,"Sewer,Highway Condition,HEAT/HOT WATER"
-73.910210037289275,40.676623602943693,"Derelict Vehicles,Traffic Signal Condition,Sanitation Condition"
-74.109729601297786,40.633250851514468,"Traffic Signal Condition,Sewer,Snow"
-73.901498022775442,40.900358519161152,"Highway Condition,Homeless Person Assistance,Illegal Parking"
-73.95762029592558,40.676249819831391,"Noise,Noise - Vehicle,Other Enforcement"
-73.946957222114762,40.788979372101899,"Graffiti,Noise,Highway Condition"
-73.863134037049704,40.856161004846776,"Blocked Driveway,Snow,Elevator"
-73.833118942879153,40.884079976237075,"Derelict Vehicles,Derelict Vehicle,Blocked Driveway"
-73.962551283369592,40.690555117927637,"Noise,Litter Basket / Request,Other Enforcement"
-73.8609624055441,40.754022235198661,"Blocked Driveway,Highway Condition,Water System"
-73.908067248773108,40.636251466762452,"Blocked Driveway,Derelict Vehicles,Illegal Parking"
-73.941786130866404,40.623113352391123,"Derelict Vehicles,Derelict Vehicle,Damaged Tree"
-73.899366388079216,40.69745272464862,"Recycling Enforcement,Blocked Driveway,Snow"
-74.158791413906116,40.540939967443578,"Sewer,Street Condition,Derelict Vehicles"
-73.975673631958259,40.746666871826342,"Homeless Person Assistance,Highway Condition,Homeless Encampment"
-73.75922797485083,40.742028262189521,"Highway Condition,Damaged Tree,Construction"
-73.939378086246435,40.587992027635075,"Highway Condition,Derelict Vehicle,Snow"
-74.009554832496363,40.610425356366022,"Traffic,Maintenance or Facility,Sewer"
-73.8208501154526,40.711784140194077,"Highway Condition,Derelict Vehicles,Sanitation Condition"
-73.783204970322302,40.763925542936185,"Sewer,Other Enforcement,Sanitation Condition"
-73.963554624925365,40.762112864904424,"Highway Condition,Noise,Air Quality"
-73.974182713583474,40.606608746113686,"Illegal Parking,Building/Use,Sanitation Condition"
-73.911021625333447,40.830157123990574,"HEAT/HOT WATER,PLUMBING,WATER LEAK"
-73.786583534053747,40.846410622132446,"Overgrown Tree/Branches,Street Light Condition,Illegal Parking"
-73.892508513707924,40.861590836157475,"Water System,PLUMBING,Elevator"
-74.160098565586736,40.590342640801403,"Street Condition,Traffic Signal Condition,Snow"
-73.874571628500163,40.82776592473153,"HEAT/HOT WATER,UNSANITARY CONDITION,PAINT/PLASTER"
-74.21215559254874,40.523140866377766,"Air Quality,Water Conservation,Highway Condition"
-73.998829364054899,40.576632384543473,"Elevator,Indoor Air Quality,Blocked Driveway"
-73.926948118068125,40.757399915681312,"Derelict Vehicles,Blocked Driveway,Noise"
-73.982037767799056,40.723232177880988,"Homeless Encampment,General Construction/Plumbing,Maintenance or Facility"
-73.921349704482182,40.66258681917482,"PLUMBING,UNSANITARY CONDITION,Blocked Driveway"
-73.973177826330527,40.790264376532086,"Noise - Helicopter,Homeless Encampment,Noise"
-73.961036511831978,40.624477580896013,"Sanitation Condition,Noise,Indoor Air Quality"
-73.9532245611462,40.730822456821983,"Noise,Derelict Bicycle,Sewer"
-73.871720362478342,40.680775197598969,"Water System,Blocked Driveway,Derelict Vehicles"
-73.846538433082912,40.84446564128617,"Derelict Vehicles,Dirty Conditions,Noise - Commercial"
-73.912256687687176,40.88350973895006,"Maintenance or Facility,Water System,Highway Condition"
-74.009841335041386,40.677322928404699,"Air Quality,Street Condition,Highway Condition"
-73.97268112280257,40.648711679913752,"Sidewalk Condition,Traffic Signal Condition,Derelict Vehicles"
-73.826370596803699,40.747788037003112,"Noise - Park,Broken Muni Meter,Sanitation Condition"
-73.915201593485875,40.689257982636455,"Blocked Driveway,Noise,Traffic Signal Condition"
-73.931650259286542,40.697311246673024,"Blocked Driveway,Water System,Traffic Signal Condition"
-74.081475691241096,40.612312771853055,"Highway Condition,Street Condition,Sanitation Condition"
-73.994398492134351,40.602585574025689,"Traffic Signal Condition,Graffiti,Sewer"
-73.950053094531242,40.806143757702067,"Homeless Encampment,Noise - Commercial,Noise"
-73.865301727961608,40.732574391020705,"Blocked Driveway,Sewer,Maintenance or Facility"
-74.20111380150594,40.544845858741944,"Street Condition,Sewer,Traffic"
-73.799843904794429,40.676746252058756,"Derelict Vehicles,Sewer,Highway Condition"
-73.882721158359928,40.875756917887138,"HEAT/HOT WATER,Elevator,Water System"
-74.174460396604346,40.552331510712001,"Illegal Parking,Damaged Tree,Sewer"
-73.828011640680529,40.761330792999409,"Other Enforcement,Building/Use,Sewer"
-73.886234937156331,40.728500166232983,"Sewer,Blocked Driveway,Derelict Vehicles"
-73.752903674092806,40.720152847950999,"Highway Condition,Damaged Tree,Sewer"
-73.917448455660988,40.704402206951933,"Water System,Traffic Signal Condition,Air Quality"
-73.94277890289284,40.677766786093748,"PAINT/PLASTER,Other Enforcement,UNSANITARY CONDITION"
-73.9494765103708,40.598623203643939,"Derelict Vehicle,Damaged Tree,Illegal Parking"
-74.15867506720511,40.61368986654454,"Highway Condition,Street Condition,Water Conservation"
-73.956969642010066,40.640268120463773,"WATER LEAK,Water System,Blocked Driveway"
-73.985034029678786,40.587467307350025,"Illegal Parking,Noise,Sewer"
-73.988877886517628,40.734959423156212,"Homeless Encampment,Homeless Person Assistance,Sewer"
-73.790407421840357,40.648085458905634,"Taxi Complaint,Highway Condition,Taxi Report"
-74.107676173071667,40.613936176087677,"Derelict Vehicle,Snow,Highway Condition"
-73.759954605129238,40.687522207599606,"Sewer,Derelict Vehicle,Derelict Vehicles"
-73.899801836679231,40.76158136075005,"Derelict Vehicles,Highway Condition,Blocked Driveway"
-73.987043789690119,40.616888612739132,"Sewer,Illegal Parking,Street Condition"
-73.920030972844401,40.844500707362577,"Water System,Highway Condition,Elevator"
-73.862116345162448,40.890971408487644,"Sanitation Condition,Blocked Driveway,HEAT/HOT WATER"
-73.757622052776441,40.665827158825898,"Sewer,Damaged Tree,Derelict Vehicle"
-73.842228011207695,40.721930349840839,"Sewer,Noise,Highway Condition"
-73.906163406351283,40.723103197906539,"Derelict Vehicle,Illegal Parking,Street Sign - Damaged"
-73.804618236556749,40.71377546088457,"Highway Condition,Sewer,Blocked Driveway"
-74.02313972761543,40.635447255484287,"Illegal Parking,HEAT/HOT WATER,Highway Condition"
-73.850424014143343,40.874681655876365,"Blocked Driveway,Water System,Derelict Vehicles"
-73.858781143533875,40.816405918658567,"Curb Condition,Animal Abuse,Derelict Vehicles"
-74.102287418329652,40.567897459572634,"Street Condition,Derelict Vehicle,Graffiti"
-73.782067053605374,40.692163482515994,"Sewer,Sanitation Condition,Traffic Signal Condition"
-73.901600098650434,40.819498582797038,"UNSANITARY CONDITION,Water System,Elevator"
-73.828744973931265,40.842474123513732,"Street Condition,Derelict Vehicle,Snow"
-74.223676056687154,40.542342311153483,"Street Condition,Sanitation Condition,Vacant Lot"
-73.903584619828266,40.858254221032979,"Water System,Elevator,Smoking"
-73.736894221903341,40.763688092255862,"Sewer,Highway Condition,General Construction/Plumbing"
-73.945487842177286,40.69059794268356,"Sanitation Condition,Illegal Parking,Blocked Driveway"
-73.833373384093122,40.701898787469254,"Sanitation Condition,Blocked Driveway,Noise"
-73.782823252062812,40.748464007307355,"Derelict Vehicle,Sewer,Animal Abuse"
-73.961731178389627,40.71437618519289,"Noise,Special Projects Inspection Team (SPIT),Sewer"
-73.930802190177744,40.633219699857356,"Derelict Vehicles,Derelict Vehicle,Blocked Driveway"
-73.99082492947494,40.709111706524538,"Bridge Condition,Noise,Highway Condition"
-73.93789060062862,40.815788427020657,"HEAT/HOT WATER,Highway Condition,Maintenance or Facility"
-73.821046535282548,40.685622246184856,"Building/Use,Derelict Vehicle,Sewer"
-73.912300494337487,40.558855542780869,"Construction,General Construction/Plumbing,Traffic"
-73.91256970664783,40.591173640186767,"Highway Condition,Snow,Maintenance or Facility"
-73.735055571626873,40.660826601810648,"Building/Use,Sewer,Blocked Driveway"
-73.937599868072255,40.84733869251972,"Water System,HEAT/HOT WATER,Street Sign - Dangling"
-73.995616334880239,40.680370076461784,"Noise - Helicopter,Air Quality,Sewer"
-73.84654023505253,40.679431464479819,"Derelict Vehicles,Blocked Driveway,Derelict Vehicle"
-73.960515545136829,40.580060815265867,"Sewer,Sanitation Condition,Street Sign - Damaged"
-74.005046399774741,40.721857898593804,"Homeless Encampment,Noise,Fire Safety Director - F58"
-73.854621807863211,40.832687551273217,"Highway Condition,HEAT/HOT WATER,Sewer"
-73.795170955783192,40.779761696171988,"Snow,Sewer,Damaged Tree"
-73.892807914131737,40.663112538438618,"Water System,Sanitation Condition,Traffic Signal Condition"
-73.835078127498761,40.65960340443268,"Sewer,Street Condition,Highway Condition"
-73.888164619103861,40.847955958565592,"Blocked Driveway,ELECTRIC,School Maintenance"
-73.998702375447351,40.752027111995453,"Noise,Illegal Parking,Taxi Complaint"
-73.942341723508591,40.83407745739337,"Illegal Parking,Water System,HEAT/HOT WATER"
-73.978743250298692,40.689914289626849,"Illegal Parking,Blocked Driveway,Homeless Encampment"
-73.843011246838472,40.579504933690181,"Sewer,Mold,Snow"
-73.793417648502611,40.593557674954262,"Other Enforcement,Blocked Driveway,Traffic Signal Condition"
-73.88927558839012,40.641516168144925,"Derelict Vehicles,Blocked Driveway,Sewer"
