Longitude,Latitude,Labels
-73.970674235604619,40.628968243841491,"Street Sign - Damaged,Derelict Vehicle,Damaged Tree"
-73.892865520799603,40.832247131528945,"Water System,Noise - Street/Sidewalk,Noise - Vehicle"
-73.83154548043737,40.690121026096101,"Special Projects Inspection Team (SPIT),Electrical,Emergency Response Team (ERT)"
-73.973084595905604,40.753846341641406,"Taxi Complaint,Homeless Person Assistance,Broken Muni Meter"
-74.148966928810808,40.553092033116435,"Sewer,Dead Tree,Derelict Vehicle"
-73.952722557915109,40.666731886259299,"Elevator,Noise - Street/Sidewalk,Snow"
-73.755807133599774,40.601406909151137,"Street Condition,PAINT/PLASTER,UNSANITARY CONDITION"
-73.739359777252758,40.720612879148732,"Dirty Conditions,Sewer,Derelict Vehicle"
-73.843685104636748,40.784538973148123,"Derelict Vehicle,Air Quality,Street Sign - Missing"
-73.881734063557701,40.748884560021899,"Elevator,Consumer Complaint,UNSANITARY CONDITION"
-74.068810763124191,40.601638230804085,"Illegal Parking,Missed Collection (All Materials),Street Sign - Damaged"
-73.855136932333565,40.896260598726137,"Derelict Vehicle,PAINT/PLASTER,Water System"
-73.950235058946532,40.799612571115922,"Noise - Street/Sidewalk,Elevator,Noise - Vehicle"
-73.91693516757735,40.658531158909817,"PAINT/PLASTER,UNSANITARY CONDITION,Graffiti"
-73.785526271210244,40.753967523399133,"Damaged Tree,Sewer,Street Sign - Missing"
-73.933297107795639,40.851903373698676,"Water System,Noise - Street/Sidewalk,PAINT/PLASTER"
-73.995855439168466,40.718666241965295,"Taxi Complaint,Illegal Parking,Broken Muni Meter"
-74.138226097778173,40.631380003930083,"Dirty Conditions,Missed Collection (All Materials),Overgrown Tree/Branches"
-73.9560571533802,40.600698684248741,"Elevator,Damaged Tree,Animal Abuse"
-73.851260360141296,40.843759669207714,"Derelict Vehicle,Noise - Street/Sidewalk,Derelict Vehicles"
-73.751280086147347,40.664935320239408,"Dirty Conditions,Derelict Vehicle,Street Condition"
-74.027108467823453,40.633975793861303,"Graffiti,Plant,Curb Condition"
-73.923175360767615,40.704449279936249,"Graffiti,Water System,Street Sign - Missing"
-73.947288318578359,40.750069612893377,"Street Sign - Damaged,Construction,Noise - Park"
-73.959658820461812,40.712552826225917,"Graffiti,Noise - Street/Sidewalk,Water System"
-73.864774775482559,40.685249081259826,"Graffiti,Derelict Vehicle,Building/Use"
-73.789458506540257,40.709104609656286,"Traffic,Noise - Vehicle,Sewer"
-73.817909977332235,40.590661665233561,"Derelict Vehicle,Water Conservation,Illegal Parking"
-74.209264365227313,40.52302891389121,"Damaged Tree,Root/Sewer/Sidewalk Condition,Dirty Conditions"
-73.842780073932857,40.721380315709141,"Broken Muni Meter,Street Sign - Damaged,Animal Abuse"
-73.978176098828314,40.677027364697985,"Graffiti,Noise,Snow"
-73.885797194979148,40.847072301071307,"Derelict Vehicles,Elevator,Water System"
-74.08017783639734,40.621438914614167,"Missed Collection (All Materials),Animal Abuse,Noise - Street/Sidewalk"
-73.907638165078637,40.613637492528248,"Highway Condition,Damaged Tree,Derelict Vehicle"
-73.98268269798757,40.766296147508221,"Broken Muni Meter,Vending,Taxi Complaint"
-74.002518535748663,40.743508459356008,"Taxi Complaint,Homeless Encampment,Food Poisoning"
-73.929379766816808,40.769800907975394,"Blocked Driveway,Snow,Water System"
-73.946761954394319,40.637404144173878,"Overgrown Tree/Branches,WATER LEAK,Street Condition"
-73.817152495308122,40.819250764952464,"Highway Condition,Derelict Vehicles,Sewer"
-73.893591096784064,40.867211116042057,"Elevator,Water System,Noise - Vehicle"
-73.990936118845113,40.733281677565266,"Homeless Person Assistance,Homeless Encampment,Taxi Complaint"
-73.80638107048344,40.786004882040707,"Damaged Tree,Street Sign - Damaged,Root/Sewer/Sidewalk Condition"
-73.925990431476521,40.831540440908036,"Elevator,PLUMBING,Water System"
-73.993774618581327,40.619672279839136,"Street Sign - Damaged,Graffiti,Building/Use"
-73.856036554017862,40.710817707961368,"Hazardous Materials,Damaged Tree,Street Sign - Damaged"
-73.788652913743704,40.64808644852274,"For Hire Vehicle Complaint,Taxi Complaint,Taxi Report"
-73.919551036148206,40.811837673756052,"Water System,Consumer Complaint,Highway Condition"
-74.096179259685627,40.580157918847327,"Sewer,Dirty Conditions,Animal Abuse"
-73.949384943569541,40.824487999286475,"Disorderly Youth,Water System,Indoor Air Quality"
-73.877739695890384,40.677847477562061,"Graffiti,Water System,Street Sign - Damaged"
-73.866192203085092,40.756645414090684,"Water System,Blocked Driveway,Highway Condition"
-73.833695876761311,40.885909688124208,"Derelict Vehicles,Illegal Parking,Derelict Vehicle"
-73.954041431697888,40.774391908413477,"Taxi Complaint,Broken Muni Meter,Noise"
-74.221561435024256,40.539025049152592,"Sewer,Water System,Root/Sewer/Sidewalk Condition"
-73.769737815538434,40.762935574586955,"Street Sign - Damaged,Damaged Tree,Street Sign - Missing"
-74.187114631292303,40.593240654507021,"Animal Abuse,Fire Safety Director - F58,Illegal Parking"
-73.918853049745465,40.671747206559921,"Water System,Graffiti,Traffic Signal Condition"
-73.903109254730765,40.720496067072474,"Illegal Parking,Derelict Vehicle,Street Sign - Damaged"
-73.963931384140864,40.579994732831139,"Broken Muni Meter,Food Establishment,Elevator"
-73.862488832161631,40.879816201304571,"ELECTRIC,PLUMBING,DOOR/WINDOW"
-73.940451626182522,40.617787965871166,"Derelict Vehicle,Damaged Tree,Derelict Vehicles"
-73.82907117616125,40.759704153632896,"Sewer,Food Establishment,Consumer Complaint"
-73.992576464466381,40.698346985947119,"Noise - Park,Bridge Condition,Taxi Complaint"
-73.936044857232773,40.695275105727006,"Graffiti,Water System,Animal Abuse"
-74.004369787948846,40.646951478262864,"Noise - Park,Graffiti,Traffic Signal Condition"
-73.985512631976746,40.755612673054543,"Broken Muni Meter,Vending,Taxi Complaint"
-73.711714142831511,40.746726715142579,"Noise,Construction,Traffic Signal Condition"
-73.908944213344043,40.680432162740821,"Graffiti,Traffic Signal Condition,Derelict Vehicles"
-73.78776212327071,40.848881472923964,"Dirty Conditions,Traffic,Snow"
-73.918468274825855,40.846169374022104,"Elevator,Water System,Noise - Vehicle"
-73.753718937170419,40.751069355372152,"Street Sign - Missing,Street Sign - Damaged,Highway Condition"
-73.805436009519525,40.70754099126723,"Highway Condition,Traffic Signal Condition,Consumer Complaint"
-73.759788839063361,40.688066870858762,"Sanitation Condition,Street Sign - Dangling,Dirty Conditions"
-73.972448583678457,40.79001921138974,"Taxi Complaint,Air Quality,Street Condition"
-74.241878511450821,40.507588617311711,"Sewer,Derelict Vehicle,Hazardous Materials"
-73.736888620621727,40.679258929862371,"Street Sign - Damaged,Derelict Vehicle,Water Conservation"
-73.990695207837874,40.599825783342368,"Damaged Tree,Blocked Driveway,Curb Condition"
-73.953572143059034,40.692497599735994,"Graffiti,Missed Collection (All Materials),Sanitation Condition"
-74.121917058523366,40.609807161883452,"Highway Condition,Snow,Missed Collection (All Materials)"
-73.897223735017576,40.660667618856777,"Street Sign - Missing,Overgrown Tree/Branches,Derelict Vehicles"
-73.937634822773475,40.660742993578189,"Noise - Park,Blocked Driveway,PLUMBING"
-73.941239375791795,40.720383458901345,"Graffiti,Street Sign - Damaged,Highway Condition"
-73.80165073184196,40.69136959459108,"Derelict Vehicles,Blocked Driveway,Derelict Vehicle"
-73.954182035061748,40.728528754759409,"Graffiti,Street Sign - Damaged,Snow"
-74.161546821028054,40.624557988557029,"Highway Condition,Snow,Derelict Vehicle"
-73.862415847571583,40.667808331630773,"Elevator,Sewer,Highway Condition"
-73.864960865692751,40.836581535720207,"Highway Condition,Broken Muni Meter,PLUMBING"
-73.839072584388987,40.658467547241891,"Damaged Tree,Illegal Parking,Highway Condition"
-73.923866481700628,40.865740012004636,"Indoor Air Quality,Water System,Noise - Commercial"
-73.915527709893894,40.764612002417778,"Broken Muni Meter,Blocked Driveway,Construction"
-73.900917756460146,40.904928201134922,"Highway Condition,Illegal Parking,Street Condition"
-73.908941939232506,40.586834557695063,"Highway Condition,Traffic,Construction"
-74.173026095196178,40.555439611419089,"Sewer,Root/Sewer/Sidewalk Condition,Snow"
-73.787438997444141,40.593837668388019,"Street Condition,Sewer,Animal Abuse"
-73.980892713637445,40.727773317271669,"Noise - Park,Homeless Person Assistance,Homeless Encampment"
-73.960029335635625,40.640957554261561,"Elevator,PAINT/PLASTER,Derelict Vehicles"
-73.925132478475774,40.628294135304003,"Derelict Vehicle,Derelict Vehicles,Graffiti"
-73.824412152444722,40.741863570383906,"Construction,Blocked Driveway,Street Condition"
-73.926887011529033,40.757608829435561,"Noise - Commercial,Street Sign - Damaged,Animal Abuse"
-74.111088187665587,40.56615105259462,"General Construction/Plumbing,Overgrown Tree/Branches,Damaged Tree"
-73.896783990677378,40.702169106535813,"Street Sign - Damaged,Blocked Driveway,Illegal Parking"
-74.099602307315436,40.632029999594153,"Derelict Vehicle,Derelict Vehicles,Air Quality"
-73.845295248301042,40.870907002312435,"Water System,Derelict Vehicle,Animal Abuse"
-73.938544326822054,40.82044476763857,"Elevator,Noise - Park,Highway Condition"
-73.850052433003071,40.734149784543632,"Highway Condition,Noise - Park,Street Sign - Damaged"
-73.965001058582786,40.762907351387149,"Taxi Complaint,Traffic,Noise"
-73.97469619897889,40.646282252900498,"Street Sign - Damaged,Derelict Vehicles,Damaged Tree"
-74.159277889271067,40.589148673497846,"Derelict Vehicle,Dirty Conditions,Water Conservation"
-73.979173929672228,40.611988584769385,"Street Sign - Damaged,Blocked Driveway,Smoking"
-74.030448232346117,40.619583986315128,"Highway Condition,Snow,PAINT/PLASTER"
-73.988118046923503,40.665180859185554,"Noise,Graffiti,General Construction/Plumbing"
-74.010030409366365,40.707824740491581,"Taxi Complaint,Traffic,Consumer Complaint"
-73.900154331099785,40.857756111393648,"Elevator,Water System,PAINT/PLASTER"
-73.980250563008511,40.742578105866372,"Broken Muni Meter,Taxi Complaint,Homeless Person Assistance"
-73.845219309504884,40.577869275269599,"Street Light Condition,Sewer,Drinking"
-73.958100789433658,40.615252693975144,"Street Sign - Damaged,Illegal Parking,Snow"
-73.854245646598784,40.820211388434622,"Derelict Vehicles,Animal Abuse,Building/Use"
-73.87634132231328,40.767544984349001,"Taxi Complaint,Highway Condition,Blocked Driveway"
-73.827197639825826,40.834281174404381,"Highway Condition,Illegal Parking,Derelict Vehicle"
-74.003189801010535,40.679506916993496,"Graffiti,Highway Condition,Sanitation Condition"
-73.944361511892424,40.680197328687015,"Graffiti,Sanitation Condition,PLUMBING"
-73.850682926179559,40.691177484523607,"Derelict Vehicles,Damaged Tree,Blocked Driveway"
-73.986446400116009,40.71881124780279,"Noise - Park,PAINT/PLASTER,DOOR/WINDOW"
-73.734257833534684,40.660651452199566,"Noise - Park,Derelict Vehicle,Noise - Vehicle"
-73.757639126382657,40.726140776288169,"Highway Condition,Derelict Vehicle,Building/Use"
-73.904757343719822,40.818563691938486,"PAINT/PLASTER,ELECTRIC,WATER LEAK"
-73.893279679292917,40.639001964199096,"Derelict Vehicles,Blocked Driveway,Damaged Tree"
-73.881823770563614,40.730564191663305,"Damaged Tree,Blocked Driveway,Illegal Parking"
-73.895246457427604,40.763268946082363,"Highway Condition,Snow,Traffic Signal Condition"
-73.88012930170575,40.877360492360353,"Elevator,Noise,PLUMBING"
-73.719585319692115,40.733555232845042,"Damaged Tree,Dead Tree,Overgrown Tree/Branches"
-73.93751695977636,40.800147860816146,"Noise - Park,Highway Condition,Noise - Vehicle"
-74.089519111616269,40.602707642078627,"Highway Condition,Sewer,Sanitation Condition"
-74.160969769336177,40.537178595320036,"Sewer,General Construction/Plumbing,Street Condition"
-73.785211218876441,40.733094615208785,"Damaged Tree,Construction,Derelict Vehicle"
-74.006337643862324,40.608496741697863,"Street Condition,Building/Use,Curb Condition"
-73.911323100885653,40.775858264457057,"Blocked Driveway,Taxi Complaint,Construction"
-73.808589108414807,40.761138428386126,"Construction,Building/Use,Street Sign - Damaged"
-73.876473976836721,40.826802472964957,"Highway Condition,PAINT/PLASTER,Elevator"
-73.941174843923548,40.838058490134848,"Noise - Street/Sidewalk,PLUMBING,PAINT/PLASTER"
-73.986914644379155,40.688561768277118,"Noise,Food Establishment,For Hire Vehicle Complaint"
-73.928914576117705,40.645839994080589,"Derelict Vehicles,Street Sign - Damaged,Street Condition"
-73.923747966112558,40.686459910841549,"Graffiti,Animal Abuse,Water System"
-73.951493553902679,40.585528026000176,"Derelict Vehicle,Dead Tree,DOOR/WINDOW"
-74.138538286992073,40.609403288008174,"Dirty Conditions,Highway Condition,Snow"
-73.817754241985057,40.676567904191359,"Sewer,Building/Use,Overgrown Tree/Branches"
-73.950927670344711,40.810662003720822,"Noise - Commercial,Noise - Street/Sidewalk,Noise - Vehicle"
-73.877586342573096,40.709031107548981,"Overgrown Tree/Branches,Damaged Tree,Derelict Vehicle"
-73.956289489166167,40.654393708700511,"Elevator,Noise - Vehicle,ELECTRIC"
-73.909757265624236,40.698763942507277,"Graffiti,Noise - Vehicle,Animal Abuse"
-73.96972794095123,40.690899028789921,"Graffiti,Noise - Park,Noise - Vehicle"
-73.948408882850373,40.785519452767211,"Taxi Complaint,Water System,Broken Muni Meter"
-74.081946241951343,40.639306154494513,"Dirty Conditions,DPR Internal,Elevator"
-73.990230097904288,40.637423487187938,"Traffic Signal Condition,Street Sign - Damaged,Street Condition"
-73.832094587872447,40.705336222316731,"UNSANITARY CONDITION,Construction,PAINT/PLASTER"
-73.741704042558652,40.701889734351973,"Derelict Vehicle,Dirty Conditions,Derelict Vehicles"
-73.92379559557493,40.74159927398982,"Graffiti,Water System,Highway Condition"
-73.819235403910071,40.714354956838022,"Highway Condition,Street Condition,Snow"
-73.787154985142735,40.774145888074322,"Derelict Vehicle,Animal Abuse,Street Sign - Damaged"
-73.913725171485737,40.831916595592652,"Noise - Vehicle,Elevator,Water System"
-73.829768483640379,40.85131243250774,"Elevator,Highway Condition,Animal Abuse"
-73.738707930859931,40.766096485404361,"Damaged Tree,Construction,Snow"
-73.892291253370828,40.677253378568366,"Graffiti,Highway Condition,Noise - Vehicle"
-73.961143345534822,40.678611868940877,"Noise - Commercial,Noise - Street/Sidewalk,Graffiti"
-74.117757415201723,40.632455474979594,"Derelict Vehicle,Dirty Conditions,Traffic Signal Condition"
-73.964255247070753,40.801951885697278,"Homeless Person Assistance,Noise - Vehicle,Noise"
-74.002692338078404,40.731647595091012,"Vending,Traffic,Broken Muni Meter"
-73.858479592001359,40.746813408734802,"Blocked Driveway,Water System,Highway Condition"
-73.765692747974938,40.709481711983756,"Noise - House of Worship,Derelict Vehicle,Sanitation Condition"
-74.185289325039179,40.539820823500989,"Street Condition,Street Sign - Damaged,Sanitation Condition"
-73.908712068418779,40.638314692988182,"Derelict Vehicles,Overgrown Tree/Branches,Sanitation Condition"
-73.973448763924537,40.59663009941729,"Derelict Vehicles,Street Sign - Damaged,Derelict Vehicle"
-73.905957508109793,40.879857376439368,"Water System,Elevator,PAINT/PLASTER"
-73.907385470937712,40.847498499077936,"Elevator,Noise - Vehicle,Noise - Street/Sidewalk"
-73.92557140535861,40.614150549265155,"Derelict Vehicle,Derelict Vehicles,Root/Sewer/Sidewalk Condition"
-73.946704058389997,40.706793331431733,"Graffiti,Noise - Vehicle,Water System"
-74.006741079986682,40.720141300273319,"Traffic,Taxi Complaint,Fire Safety Director - F58"
-73.99326652769102,40.761136164836046,"Traffic,Taxi Complaint,Homeless Encampment"
-73.822578336145511,40.782934703201384,"Damaged Tree,Street Condition,Overgrown Tree/Branches"
-74.201408344319759,40.548313514232468,"Water Conservation,Sanitation Condition,Missed Collection (All Materials)"
-74.015457840760234,40.643075879525497,"Graffiti,Water System,Noise - Vehicle"
-73.989823116671602,40.578789484645455,"Elevator,Broken Muni Meter,General Construction/Plumbing"
-73.991294817761073,40.746426187224692,"Homeless Person Assistance,Taxi Complaint,Fire Safety Director - F58"
-73.930699267462174,40.671422521972175,"PLUMBING,Noise - Commercial,PAINT/PLASTER"
-73.818058197604856,40.693015752708504,"Special Projects Inspection Team (SPIT),Blocked Driveway,Derelict Vehicle"
-73.98139037277727,40.778515436811425,"Taxi Complaint,Vending,Food Establishment"
-73.88208554933766,40.663565660233324,"Street Sign - Damaged,Graffiti,Derelict Vehicles"
-73.784304179114514,40.690083618827771,"Sewer,Derelict Vehicle,Dirty Conditions"
-73.891059091138104,40.819007812772242,"WATER LEAK,ELECTRIC,Elevator"
-73.805106470062583,40.729791400556259,"Animal Abuse,Blocked Driveway,Damaged Tree"
-73.894260929741876,40.743982780960614,"Blocked Driveway,Recycling Enforcement,Derelict Vehicle"
-73.770830737094485,40.668149907150784,"Derelict Vehicle,Traffic Signal Condition,Dirty Conditions"
-74.130995102165983,40.56780124882593,"Sewer,Overgrown Tree/Branches,Street Light Condition"
-73.862737011969799,40.729961146235603,"Construction,Street Sign - Damaged,Snow"
-73.798847782610565,40.673551733808516,"Highway Condition,Derelict Vehicle,Sewer"
-73.936867634127452,40.592429876838274,"Derelict Vehicle,Illegal Parking,Plant"
-73.864790417159128,40.85904362418632,"Elevator,Broken Muni Meter,Snow"
-73.906894505732836,40.747842657624417,"Consumer Complaint,Derelict Vehicles,Blocked Driveway"
-73.845838166908806,40.677739826826347,"Derelict Vehicle,Building/Use,Derelict Vehicles"
-74.008906372792737,40.628980584816965,"Building/Use,Street Sign - Damaged,Traffic Signal Condition"
