Longitude,Latitude,Labels
-74.108817002050102,40.611171539999603,"Street Light Condition,Highway Condition,Root/Sewer/Sidewalk Condition"
-73.873881231211783,40.747116953825341,"Construction,UNSANITARY CONDITION,Consumer Complaint"
-73.955839994505737,40.657336292853572,"PAINT/PLASTER,Elevator,DOOR/WINDOW"
-73.956834447466932,40.811582776765555,"Taxi Complaint,Noise - Park,PAINT/PLASTER"
-73.776610743485136,40.679281631965317,"Traffic Signal Condition,Root/Sewer/Sidewalk Condition,Sanitation Condition"
-73.997572814203508,40.747653631279164,"Taxi Complaint,Fire Safety Director - F58,Broken Muni Meter"
-73.787775923808098,40.848873544596557,"Street Condition,Dirty Conditions,Illegal Parking"
-73.862940405510258,40.853707552717182,"Broken Muni Meter,Elevator,Food Establishment"
-73.831055126015883,40.690757029612598,"Special Projects Inspection Team (SPIT),Electrical,Emergency Response Team (ERT)"
-73.989501357152008,40.615701223351756,"Street Sign - Damaged,Other Enforcement,Damaged Tree"
-74.162875852721797,40.540432306163275,"Root/Sewer/Sidewalk Condition,Street Light Condition,Damaged Tree"
-73.924079217901181,40.685460077606002,"Animal Abuse,General Construction/Plumbing,Traffic Signal Condition"
-73.780572360717031,40.776433640577018,"Construction,Street Sign - Damaged,Damaged Tree"
-73.949947900313632,40.780704940241705,"Taxi Complaint,Broken Muni Meter,Sidewalk Condition"
-73.95419704365321,40.69086793203541,"General Construction/Plumbing,Graffiti,Sidewalk Condition"
-73.923720492820124,40.86579119724513,"Indoor Air Quality,PLUMBING,Water System"
-73.926501595709553,40.612591584602676,"Derelict Vehicle,Derelict Vehicles,Root/Sewer/Sidewalk Condition"
-73.846508874279209,40.576936621937342,"Illegal Parking,Dead Tree,Water Conservation"
-73.830057071473234,40.759272345406593,"Construction,Broken Muni Meter,Consumer Complaint"
-73.887730610135193,40.846981021302952,"PLUMBING,Elevator,Water System"
-73.982753239663325,40.667540483384649,"Snow,Root/Sewer/Sidewalk Condition,Traffic Signal Condition"
-74.159323319035394,40.63060701853037,"Water Conservation,Sewer,Derelict Vehicles"
-73.876889325864269,40.709505591972345,"Overgrown Tree/Branches,Damaged Tree,Dead Tree"
-74.00259430059559,40.734798933623772,"Vending,Taxi Complaint,Traffic"
-74.005721157789438,40.648911488858907,"Graffiti,Noise - Park,Traffic Signal Condition"
-73.755023952403533,40.601191842886884,"Water Conservation,PAINT/PLASTER,Construction"
-73.932144475432594,40.758701234384752,"Construction,Traffic Signal Condition,Fire Safety Director - F58"
-73.733895787173694,40.728711446944374,"Construction,Overgrown Tree/Branches,Derelict Vehicle"
-73.978863284358681,40.782794220789917,"Taxi Complaint,Noise - Helicopter,Indoor Air Quality"
-73.964318248744547,40.579037034377144,"Broken Muni Meter,DOF Property - Reduction Issue,Blocked Driveway"
-73.793997477832946,40.707502787614416,"Consumer Complaint,PLUMBING,Construction"
-74.090814312429899,40.59221212837317,"Street Light Condition,Overgrown Tree/Branches,Dead Tree"
-73.953341312265934,40.726968137314664,"Special Projects Inspection Team (SPIT),Hazardous Materials,Taxi Complaint"
-73.860729786936218,40.894975066034633,"PAINT/PLASTER,PLUMBING,DOOR/WINDOW"
-73.928411368165314,40.667942104853225,"PAINT/PLASTER,PLUMBING,DOOR/WINDOW"
-73.924333373204092,40.837533410861148,"PLUMBING,Elevator,PAINT/PLASTER"
-73.82839208641127,40.84428456439845,"Highway Condition,Street Light Condition,Animal Abuse"
-73.969914987739742,40.754206527459111,"Taxi Complaint,Fire Safety Director - F58,Traffic"
-73.75427467965504,40.72144079204282,"Highway Condition,Derelict Vehicle,Building/Use"
-73.846678898694137,40.722859929743848,"Broken Muni Meter,Street Sign - Damaged,Construction"
-73.895472003906434,40.662325618426401,"Overgrown Tree/Branches,Street Sign - Damaged,Derelict Vehicles"
-73.847367428263453,40.674258733946445,"Derelict Vehicle,Sewer,Street Sign - Damaged"
-74.217014325663058,40.540598820612828,"Derelict Vehicles,Sewer,Overgrown Tree/Branches"
-73.903751138000942,40.721752988584051,"Construction,Highway Condition,Damaged Tree"
-74.002517208755137,40.722757386794228,"Traffic,Fire Safety Director - F58,Taxi Complaint"
-73.737254349992114,40.660348512543173,"Noise - Park,Building/Use,Construction"
-73.891349219655368,40.865705473793312,"Consumer Complaint,Water System,Broken Muni Meter"
-73.95884799328644,40.625262151463126,"PAINT/PLASTER,UNSANITARY CONDITION,GENERAL"
-73.819441487031057,40.785497776152582,"Construction,Highway Condition,Street Condition"
-74.122768764968086,40.567038365614003,"Root/Sewer/Sidewalk Condition,Overgrown Tree/Branches,Street Light Condition"
-74.019041367510184,40.627264927603797,"Broken Muni Meter,Graffiti,Building/Use"
-73.936781991966313,40.823130628506014,"Highway Condition,PLUMBING,UNSANITARY CONDITION"
-73.903127939961195,40.817845985990523,"Elevator,PAINT/PLASTER,UNSANITARY CONDITION"
-73.850678317040376,40.836911277294163,"Street Light Condition,Broken Muni Meter,Highway Condition"
-73.89943571579289,40.631554002245416,"DOOR/WINDOW,Derelict Vehicles,Water Conservation"
-73.991401216512699,40.695769542022248,"Broken Muni Meter,Noise - Park,Taxi Complaint"
-73.909473481720525,40.703849701178335,"Construction,Food Establishment,Water System"
-73.982971537767057,40.725699364704369,"Taxi Complaint,Noise - Park,Indoor Air Quality"
-73.769670314487087,40.761444678359211,"Construction,Street Sign - Damaged,Broken Muni Meter"
-73.900597603665702,40.771131949093466,"Construction,Plant,Traffic Signal Condition"
-73.859725025815891,40.883168730022476,"ELECTRIC,Dirty Conditions,UNSANITARY CONDITION"
-73.787252733821433,40.757180718179661,"Construction,Street Sign - Damaged,Dead Tree"
-73.79167794866413,40.692604932153813,"Building/Use,Derelict Vehicles,Derelict Vehicle"
-73.87364588821633,40.679305949709565,"Water System,Building/Use,Street Sign - Missing"
-73.889087612706078,40.759114449543986,"Traffic Signal Condition,Building/Use,Snow"
-73.990406391911691,40.598201001030048,"General Construction/Plumbing,Damaged Tree,Dead Tree"
-73.810971282204264,40.721955706915686,"Construction,Highway Condition,Snow"
-73.928907461910612,40.647722592358747,"Street Sign - Damaged,Derelict Vehicles,Blocked Driveway"
-73.866539025852802,40.836498112056844,"Broken Muni Meter,Highway Condition,Graffiti"
-73.979951447144302,40.743754581158598,"Taxi Complaint,Fire Safety Director - F58,Broken Muni Meter"
-74.134450039679237,40.630991683966819,"Water Conservation,Missed Collection (All Materials),Street Light Condition"
-73.97299712004957,40.631813284910649,"Street Condition,Lead,Street Sign - Damaged"
-73.847235020441204,40.691941781748007,"Construction,Derelict Vehicles,Derelict Vehicle"
-74.187268463923971,40.593701988882678,"Street Light Condition,Sewer,Sanitation Condition"
-73.740676430904699,40.706677629253981,"Derelict Vehicles,Derelict Vehicle,Root/Sewer/Sidewalk Condition"
-73.900995871695812,40.904480788785627,"Highway Condition,Derelict Vehicles,Dead Tree"
-73.984131947026214,40.754379251057138,"Fire Safety Director - F58,Taxi Complaint,Vending"
-73.819919379741165,40.82245781833268,"Highway Condition,Street Light Condition,Derelict Vehicle"
-73.968929017685028,40.796114207213215,"Air Quality,Taxi Complaint,Elevator"
-73.953283022566126,40.586734481619324,"Graffiti,Sewer,Damaged Tree"
-73.738077040967028,40.681583461338967,"Construction,Dead Tree,Overgrown Tree/Branches"
-73.932921292213763,40.851566253237614,"Water System,UNSANITARY CONDITION,PAINT/PLASTER"
-74.240440083964472,40.509824013717164,"Root/Sewer/Sidewalk Condition,Derelict Vehicles,Derelict Vehicle"
-73.874607676495145,40.767233706147664,"Taxi Complaint,For Hire Vehicle Complaint,Construction"
-73.937631809181212,40.696809098853819,"Noise - Commercial,Water System,Noise - Vehicle"
-73.95868127992695,40.765179157819951,"Traffic,Taxi Complaint,Fire Safety Director - F58"
-73.880429000048792,40.877497326390859,"PLUMBING,PAINT/PLASTER,DOOR/WINDOW"
-73.955000255103343,40.675041745001529,"PLUMBING,DOOR/WINDOW,Graffiti"
-73.992379638767332,40.636703954366929,"Street Condition,Street Sign - Damaged,Traffic Signal Condition"
-74.082357654783593,40.636369096069082,"Street Light Condition,PAINT/PLASTER,UNSANITARY CONDITION"
-74.133257474000814,40.608689451537956,"Highway Condition,Water Conservation,Street Condition"
-73.819195525208343,40.587514983154421,"Illegal Parking,Derelict Vehicle,Street Sign - Missing"
-74.002593060148669,40.679104896787379,"Hazardous Materials,Snow,Air Quality"
-73.798169439550819,40.674848753799253,"Illegal Parking,Highway Condition,Derelict Vehicle"
-73.905677772399343,40.883705042614849,"Broken Muni Meter,PAINT/PLASTER,Maintenance or Facility"
-73.938895570608167,40.795975569847286,"UNSANITARY CONDITION,Highway Condition,PLUMBING"
-73.968307596501262,40.689378911360173,"Noise - Commercial,Noise - Park,Snow"
-73.992243817973019,40.718010684994965,"Graffiti,Taxi Complaint,Consumer Complaint"
-74.029219175393905,40.634864538809374,"Graffiti,Plant,Maintenance or Facility"
-73.738504279935214,40.766720489654126,"Construction,Damaged Tree,Dead Tree"
-73.911887557234124,40.6423212282021,"Derelict Vehicles,Street Sign - Damaged,Street Condition"
-73.817344453769323,40.673479726501334,"Sewer,Building/Use,Overgrown Tree/Branches"
-73.84472906052801,40.784724672477275,"Construction,Street Sign - Damaged,Air Quality"
-73.796994867073821,40.736337474373798,"Construction,Sewer,Damaged Tree"
-74.006407935249555,40.607101748718733,"Broken Muni Meter,Food Establishment,Traffic Signal Condition"
-73.919230478018278,40.810634438818717,"Consumer Complaint,Water System,UNSANITARY CONDITION"
-73.953994832547252,40.743783036238284,"Construction,Taxi Complaint,Broken Muni Meter"
-74.084411271599024,40.614151593729332,"Highway Condition,Street Light Condition,Dirty Conditions"
-73.831446269555627,40.71273951491716,"Highway Condition,Construction,Broken Muni Meter"
-74.147113104221404,40.555487214112837,"Root/Sewer/Sidewalk Condition,Dead Tree,Overgrown Tree/Branches"
-73.830805907642684,40.87971655700126,"Street Light Condition,Consumer Complaint,Traffic"
-73.914378512418352,40.571528833617101,"Highway Condition,Construction,Illegal Parking"
-73.887628658023246,40.746015616794722,"Consumer Complaint,Broken Muni Meter,Construction"
-74.009697604464918,40.709720412568984,"Fire Safety Director - F58,Taxi Complaint,Vending"
-74.03102748080893,40.619301694027833,"Graffiti,Broken Muni Meter,Highway Condition"
-73.902772272017259,40.745542189995973,"Construction,Traffic Signal Condition,Animal Abuse"
-73.984660636205561,40.768702814589112,"Broken Muni Meter,Fire Safety Director - F58,Taxi Complaint"
-73.757116824397414,40.692489427890912,"Derelict Vehicle,Damaged Tree,Water Conservation"
-73.950370426281992,40.708204899556044,"Water System,Street Sign - Damaged,Noise - Street/Sidewalk"
-73.901398307614187,40.858077666572441,"PLUMBING,PAINT/PLASTER,Water System"
-73.994290306198778,40.664596600998429,"Graffiti,Traffic Signal Condition,Special Projects Inspection Team (SPIT)"
-73.960203983913331,40.64434030842169,"PLUMBING,UNSANITARY CONDITION,Elevator"
-73.915874922840487,40.760096503461106,"Construction,Broken Muni Meter,Consumer Complaint"
-74.102010295068936,40.571037041435034,"Water Conservation,Dead Tree,Overgrown Tree/Branches"
-73.957021840007059,40.60894992912479,"Broken Muni Meter,Elevator,Street Sign - Damaged"
-73.856302236475798,40.709660441540045,"Hazardous Materials,Damaged Tree,Construction"
-73.958646660092001,40.775591837524495,"Taxi Complaint,Other Enforcement,Vending"
-73.81555873696243,40.762200652736759,"Construction,Blocked Driveway,Building/Use"
-73.952020156947739,40.800307386345949,"Elevator,Noise - Vehicle,Taxi Complaint"
-73.846089159906398,40.896309809646844,"Dirty Conditions,Derelict Vehicles,Blocked Driveway"
-73.940633603638446,40.717417563117849,"Street Sign - Damaged,Graffiti,Highway Condition"
-73.772790421085517,40.707763714977965,"Sanitation Condition,Derelict Vehicle,Derelict Vehicles"
-73.992792818268114,40.760429140677914,"Traffic,Taxi Complaint,Fire Safety Director - F58"
-73.923581869880181,40.627462492184947,"Derelict Vehicles,Derelict Vehicle,Overgrown Tree/Branches"
-73.789448421051418,40.593349127175252,"Water Conservation,Construction,ELECTRIC"
-73.925060881218357,40.769764994720362,"Construction,Street Light Condition,Blocked Driveway"
-73.888164477955286,40.816255113389367,"Graffiti,Street Light Condition,Derelict Vehicles"
-73.861636225981371,40.754098563319893,"Construction,Water System,Highway Condition"
-73.909878504359369,40.691420805837993,"Water System,Noise - Vehicle,UNSANITARY CONDITION"
-73.883622196706384,40.729581057079905,"Construction,Building/Use,Derelict Vehicle"
-73.762303523775259,40.667205922978532,"Construction,Derelict Vehicles,Building/Use"
-73.939977674422963,40.74781270686637,"Construction,Traffic,Food Establishment"
-73.863958627067859,40.72971104923483,"Construction,Broken Muni Meter,Elevator"
-73.949535348767,40.824361309765884,"Water System,Indoor Air Quality,PAINT/PLASTER"
-73.844872633762122,40.866321383127378,"Derelict Vehicles,Derelict Vehicle,Street Light Condition"
-73.839814964862569,40.657499861641909,"Dead Tree,Construction,Highway Condition"
-74.196750764616525,40.527888527910015,"Street Light Condition,Vacant Lot,Sewer"
-73.876622373478568,40.664140120448167,"Derelict Vehicles,Street Sign - Missing,Animal Abuse"
-73.78829478891123,40.648686507278875,"Taxi Complaint,For Hire Vehicle Complaint,Taxi Report"
-73.974723532066008,40.610851110706783,"Street Sign - Damaged,Traffic Signal Condition,Damaged Tree"
-73.801815719910294,40.786162071535216,"Construction,Dead Tree,Damaged Tree"
-73.941732309420928,40.681771060986506,"General Construction/Plumbing,DOOR/WINDOW,Sanitation Condition"
-73.911855251306235,40.6758677375446,"Street Sign - Damaged,ELECTRIC,WATER LEAK"
-73.989779565719445,40.737287564279939,"Taxi Complaint,Broken Muni Meter,Fire Safety Director - F58"
-73.947055713536997,40.64090005808459,"PAINT/PLASTER,UNSANITARY CONDITION,Street Sign - Damaged"
-73.973795621103989,40.762533043917898,"Fire Safety Director - F58,Taxi Complaint,Street Condition"
-73.750644353571545,40.747634860209637,"Street Sign - Damaged,Street Sign - Missing,Construction"
-73.876734313772488,40.827342682409004,"Highway Condition,Consumer Complaint,Elevator"
-73.941396860075443,40.810845483630224,"UNSANITARY CONDITION,Homeless Encampment,Highway Condition"
-73.856296147004315,40.818180661142506,"Snow,Animal Abuse,Street Light Condition"
-73.941101621180891,40.837910282159875,"PAINT/PLASTER,PLUMBING,DOOR/WINDOW"
-73.982458074217845,40.685049142582855,"Traffic Signal Condition,Noise - Commercial,Noise"
-73.784499605301775,40.725003748565911,"Construction,Highway Condition,Snow"
-73.97179223434722,40.676341058608294,"Broken Muni Meter,Lead,Air Quality"
-73.890435751178117,40.677189370109936,"Water System,Street Sign - Damaged,Derelict Vehicles"
-74.110453744388465,40.633589692495136,"Street Light Condition,Missed Collection (All Materials),Other Enforcement"
-73.861715081767755,40.686663698791861,"Derelict Vehicle,Construction,Building/Use"
-73.941305106838584,40.623751598155231,"Damaged Tree,Derelict Vehicle,Street Condition"
-74.003291475483692,40.624174299252147,"Building/Use,ELECTRIC,Overgrown Tree/Branches"
-73.921485160848974,40.741707063102893,"Construction,Traffic Signal Condition,Taxi Complaint"
-73.911995563589485,40.776214753402265,"Construction,Plumbing,Broken Muni Meter"
-73.814637176693026,40.705026379254861,"Construction,Broken Muni Meter,Water System"
-73.896023092931401,40.702167555686138,"Street Condition,Damaged Tree,Construction"
-73.934852620164733,40.588479021605842,"Plant,Sewer,General Construction/Plumbing"
-73.992442025185369,40.578415314915823,"Elevator,Sewer,Animal Abuse"
-73.916663387340691,40.658725624403154,"Street Sign - Damaged,PLUMBING,ELECTRIC"
-73.917178156213623,40.830674378282616,"PLUMBING,Water System,WATER LEAK"
-73.813708576356362,40.690313175071523,"Construction,Building/Use,Derelict Vehicles"
-73.941569918706065,40.663616692687583,"Noise - Park,Street Sign - Damaged,PAINT/PLASTER"
-73.86450385071636,40.868143148377534,"PLUMBING,Water Conservation,Broken Muni Meter"
-73.773659526913036,40.745094669745313,"Damaged Tree,Derelict Vehicle,Construction"
-74.161173651568092,40.612643412411636,"Highway Condition,Water Conservation,Derelict Vehicle"
-74.183955217598879,40.552498416235572,"Water Conservation,Street Light Condition,Traffic Signal Condition"
-73.969236566052359,40.594874821232679,"Graffiti,Derelict Vehicles,Snow"
-73.82201552044738,40.742103810554887,"Construction,Snow,Highway Condition"
-74.069077362035401,40.602772962090107,"Derelict Vehicle,Street Light Condition,Damaged Tree"
-73.910713637364211,40.847762403566513,"Elevator,UNSANITARY CONDITION,Water System"
-73.975771691914971,40.645914737897641,"Street Sign - Damaged,Damaged Tree,Maintenance or Facility"
-73.713940214210439,40.741714588460738,"Construction,Derelict Vehicle,Damaged Tree"
-73.923644886901727,40.702404714845308,"UNSANITARY CONDITION,Graffiti,Water System"
-73.895354033482576,40.830489068048699,"Water System,PLUMBING,DOOR/WINDOW"
-74.160390151662952,40.5862270317633,"Water Conservation,Root/Sewer/Sidewalk Condition,Street Condition"
-73.799726183589229,40.767854046513989,"Construction,Damaged Tree,Street Sign - Damaged"
-73.890956090164522,40.644033058574486,"Derelict Vehicles,Root/Sewer/Sidewalk Condition,Derelict Vehicle"
-73.945020429153061,40.601997078998593,"Derelict Vehicle,Root/Sewer/Sidewalk Condition,Damaged Tree"
-73.907568203473218,40.609241602605479,"Highway Condition,Air Quality,Derelict Vehicles"
-74.013338399855712,40.640831779559136,"Graffiti,Water System,Building/Use"
-73.853780279005775,40.738154392144317,"Highway Condition,Construction,Water System"
-73.960765029914569,40.713569640926629,"Special Projects Inspection Team (SPIT),Derelict Bicycle,HEAT/HOT WATER"
-73.904106056102762,40.871949535556482,"Water System,PLUMBING,PAINT/PLASTER"
