Longitude,Latitude,Labels
-73.937098387365069,40.846397107469762,"FLOORING/STAIRS,PAINT/PLASTER,DOOR/WINDOW"
-73.928489469750787,40.672766335474179,"PAINT/PLASTER,DOOR/WINDOW,PLUMBING"
-73.829977290955341,40.760238013406166,"Construction,Special Enforcement,Fire Safety Director - F58"
-74.138715498391818,40.611711401184976,"Root/Sewer/Sidewalk Condition,Dirty Conditions,Overgrown Tree/Branches"
-73.98814306403753,40.717539793945157,"Graffiti,Maintenance or Facility,Special Projects Inspection Team (SPIT)"
-73.84041991116915,40.672859598833099,"Construction,Derelict Vehicle,Root/Sewer/Sidewalk Condition"
-73.958886802483804,40.641187856453008,"PAINT/PLASTER,UNSANITARY CONDITION,GENERAL"
-73.864531091202679,40.868776921590005,"PAINT/PLASTER,Other Enforcement,PLUMBING"
-73.955559518653445,40.772108268124612,"Taxi Complaint,DOF Parking - Tax Exemption,Air Quality"
-73.721043190140009,40.732197736001105,"Overgrown Tree/Branches,Root/Sewer/Sidewalk Condition,Damaged Tree"
-73.89513323864908,40.733019723691775,"Root/Sewer/Sidewalk Condition,Derelict Vehicle,Construction"
-74.157828276647592,40.537728330931472,"Root/Sewer/Sidewalk Condition,Dead Tree,Missed Collection (All Materials)"
-73.973407030130744,40.63173923204026,"Root/Sewer/Sidewalk Condition,PAINT/PLASTER,UNSANITARY CONDITION"
-74.019274970276896,40.628156170702638,"Root/Sewer/Sidewalk Condition,Overgrown Tree/Branches,Building/Use"
-73.757213555031257,40.699002884188182,"Overgrown Tree/Branches,Sanitation Condition,Derelict Vehicle"
-73.816158177005207,40.592003636771089,"Sewer,Water Conservation,Construction"
-73.88988760804223,40.829966515600127,"Special Enforcement,PLUMBING,DOOR/WINDOW"
-73.96810665818235,40.690850675989225,"General Construction/Plumbing,Damaged Tree,Root/Sewer/Sidewalk Condition"
-73.976501392933997,40.750592779177126,"Fire Safety Director - F58,Taxi Complaint,EAP Inspection - F59"
-73.877038590545169,40.680918077498141,"Graffiti,Dirty Conditions,Derelict Vehicles"
-73.800266189851797,40.690974780100518,"Derelict Vehicles,Derelict Vehicle,Building/Use"
-73.942475281339526,40.585966819465952,"Dead Tree,Derelict Vehicle,Damaged Tree"
-74.08409637043782,40.638788367905676,"Water Conservation,Missed Collection (All Materials),DOOR/WINDOW"
-73.905404485776558,40.849414723655741,"UNSANITARY CONDITION,PAINT/PLASTER,PLUMBING"
-73.940057631026747,40.806638797199511,"Consumer Complaint,Highway Condition,PAINT/PLASTER"
-73.785739569903825,40.744622381363392,"Root/Sewer/Sidewalk Condition,Dead Tree,Damaged Tree"
-74.2402593651491,40.510765442691586,"Root/Sewer/Sidewalk Condition,Overgrown Tree/Branches,Sanitation Condition"
-73.829872679049643,40.845606715531495,"Animal Abuse,Root/Sewer/Sidewalk Condition,Street Light Condition"
-73.908936107395263,40.698804327628416,"Graffiti,ELECTRIC,Building/Use"
-73.86621064167278,40.730122521679604,"Construction,Special Enforcement,Broken Muni Meter"
-73.903027220665862,40.747403389583624,"Special Enforcement,Building/Use,Consumer Complaint"
-73.975838056637528,40.785295648665546,"Vending,Noise - Helicopter,Air Quality"
-74.093442627520076,40.589845567805206,"Root/Sewer/Sidewalk Condition,Water Conservation,Overgrown Tree/Branches"
-73.945828537446488,40.701249220075574,"Noise - Commercial,Consumer Complaint,General Construction/Plumbing"
-73.89216204536946,40.662724960157249,"Graffiti,Dirty Conditions,PAINT/PLASTER"
-73.907666725148914,40.612123572015896,"Highway Condition,Air Quality,Dead Tree"
-74.009882709293549,40.605119209245267,"Highway Condition,Root/Sewer/Sidewalk Condition,Sanitation Condition"
-73.830693235494678,40.712441288824444,"Highway Condition,Construction,Street Light Condition"
-73.751084633645263,40.602472512988967,"Street Sign - Missing,Elevator,Sewer"
-73.775906831801862,40.66700842574604,"Fire Safety Director - F58,Highway Condition,Sewer"
-73.892605239409804,40.866936776446124,"PAINT/PLASTER,UNSANITARY CONDITION,PLUMBING"
-73.980923734293171,40.665481015155933,"Sewer,Broken Muni Meter,Lead"
-73.829965511724495,40.884410578862479,"Consumer Complaint,Water Conservation,Derelict Vehicles"
-73.991977152939654,40.756932453056656,"Fire Safety Director - F58,Taxi Complaint,Consumer Complaint"
-74.193783815833825,40.54562278065368,"Water Conservation,Root/Sewer/Sidewalk Condition,Overgrown Tree/Branches"
-73.950913754287754,40.745945192373419,"Special Enforcement,Construction,Broken Muni Meter"
-73.74902253543415,40.680342748741673,"Overgrown Tree/Branches,Damaged Tree,Derelict Vehicle"
-73.89649739309823,40.884583655001919,"Special Enforcement,DOOR/WINDOW,Air Quality"
-73.9532148124825,40.669766533316633,"UNSANITARY CONDITION,PAINT/PLASTER,FLOORING/STAIRS"
-73.742992862293519,40.770809908568829,"Construction,Dead Tree,Damaged Tree"
-73.84531871318481,40.685066066081781,"Street Condition,Derelict Vehicles,Derelict Vehicle"
-73.995114539543664,40.680426868236381,"Street Light Condition,Special Enforcement,Derelict Bicycle"
-73.940995295595783,40.61766278065241,"Damaged Tree,Root/Sewer/Sidewalk Condition,Overgrown Tree/Branches"
-74.11327610930131,40.566477932645832,"Root/Sewer/Sidewalk Condition,Overgrown Tree/Branches,Damaged Tree"
-73.778183213553305,40.779338778074383,"Special Enforcement,Construction,Overgrown Tree/Branches"
-74.004207496808135,40.655015716487711,"Graffiti,Traffic Signal Condition,Consumer Complaint"
-73.832640790227629,40.580612279095931,"Electrical,Street Sign - Missing,Plant"
-73.787094496937712,40.84775844171898,"Snow,Dirty Conditions,Food Establishment"
-74.00374404868478,40.730872088644261,"Fire Safety Director - F58,Food Establishment,Air Quality"
-73.951249910926677,40.802421631581645,"Elevator,Food Establishment,Water System"
-74.187833942063463,40.594593674516972,"Water Conservation,Vending,Special Enforcement"
-73.983001708216506,40.580440417928834,"Consumer Complaint,Street Condition,Graffiti"
-73.938363629080783,40.754685659128178,"Fire Safety Director - F58,Construction,Special Enforcement"
-73.855756120811762,40.816644094623307,"Water Conservation,Derelict Vehicle,Derelict Vehicles"
-73.95422861488376,40.709504832317911,"Noise - Street/Sidewalk,Other Enforcement,Street Sign - Damaged"
-73.948180006040943,40.825809626982497,"PAINT/PLASTER,Indoor Air Quality,DOOR/WINDOW"
-73.810290954880898,40.790738532361708,"Special Enforcement,Construction,Root/Sewer/Sidewalk Condition"
-73.908145593408776,40.638664890343087,"Derelict Vehicles,Root/Sewer/Sidewalk Condition,Overgrown Tree/Branches"
-73.924699739493306,40.82533931144841,"PAINT/PLASTER,FLOORING/STAIRS,PLUMBING"
-73.981455092467002,40.726752398087058,"Vending,Air Quality,Derelict Bicycle"
-73.843610086497236,40.721265607392624,"Broken Muni Meter,Construction,Special Enforcement"
-73.872967349065789,40.766006771329977,"Taxi Complaint,Construction,Building/Use"
-73.95824610565829,40.60892709922679,"Broken Muni Meter,Elevator,Other Enforcement"
-73.945302760818237,40.641170945285864,"PAINT/PLASTER,DOOR/WINDOW,WATER LEAK"
-73.84430814071375,40.784760925977139,"Construction,Special Enforcement,Derelict Vehicle"
-73.879771390218281,40.878026876691486,"Elevator,UNSANITARY CONDITION,PAINT/PLASTER"
-73.859535106757889,40.832044620396417,"Broken Muni Meter,PLUMBING,Highway Condition"
-74.159299575782626,40.630377074363608,"Water Conservation,Missed Collection (All Materials),Other Enforcement"
-74.030522896650112,40.618967734189198,"Broken Muni Meter,Food Establishment,Street Condition"
-73.825420703602219,40.830662929032087,"Root/Sewer/Sidewalk Condition,Dead Tree,Special Enforcement"
-73.883314408880423,40.721645757162555,"Root/Sewer/Sidewalk Condition,Dead Tree,Overgrown Tree/Branches"
-73.923196370027142,40.866057884217859,"Noise - Helicopter,UNSANITARY CONDITION,PLUMBING"
-73.755464718463429,40.745961479739606,"Construction,Street Light Condition,Root/Sewer/Sidewalk Condition"
-73.860542709376787,40.884022510780824,"Graffiti,WATER LEAK,ELECTRIC"
-73.918141140210636,40.774727978575363,"Construction,Other Enforcement,Graffiti"
-73.735461401772397,40.657860328872907,"Dirty Conditions,Root/Sewer/Sidewalk Condition,Water Conservation"
-73.948775261186256,40.65428550003152,"ELECTRIC,PAINT/PLASTER,UNSANITARY CONDITION"
-73.738983313918723,40.713870410648376,"Street Light Condition,Building/Use,Derelict Vehicles"
-73.909131613773894,40.675554659058037,"Graffiti,Street Light Condition,UNSANITARY CONDITION"
-73.951638258934281,40.782113518780861,"Broken Muni Meter,Noise,Air Quality"
-74.009821736272144,40.707167345880187,"Vending,Street Sign - Damaged,Fire Safety Director - F58"
-74.003441219333709,40.629199733994952,"Traffic Signal Condition,Building/Use,Air Quality"
-73.81896147951025,40.70545087656118,"Broken Muni Meter,Blocked Driveway,Street Light Condition"
-73.792460808030668,40.70763483604761,"Traffic,Construction,Consumer Complaint"
-74.079843714088341,40.621970217161497,"Water Conservation,Building/Use,Derelict Vehicle"
-73.809359896772762,40.761645973784184,"Construction,Graffiti,Blocked Driveway"
-73.804653174136703,40.673675305084011,"Construction,Building/Use,Overgrown Tree/Branches"
-73.964602634340395,40.801409744175082,"Air Quality,Elevator,Food Establishment"
-73.980851026404409,40.740615741744293,"Broken Muni Meter,Fire Safety Director - F58,Taxi Complaint"
-73.987037238915903,40.598178331907945,"Overgrown Tree/Branches,General Construction/Plumbing,Maintenance or Facility"
-74.15400311990777,40.555166883713639,"Root/Sewer/Sidewalk Condition,Dead Tree,Street Condition"
-73.94132172840898,40.689817485319878,"PAINT/PLASTER,Graffiti,General Construction/Plumbing"
-73.988614500136109,40.76619975968422,"Broken Muni Meter,Fire Safety Director - F58,GENERAL"
-73.906284152879962,40.718352342241083,"Construction,Special Enforcement,Dead Tree"
-73.955824690646025,40.59201026591569,"Graffiti,Broken Muni Meter,Sewer"
-74.11304822620211,40.63354270541781,"Missed Collection (All Materials),Dirty Conditions,Other Enforcement"
-73.854737994727046,40.667044354042119,"Derelict Vehicles,Plumbing,Sewer"
-73.991663253953817,40.638241945406698,"Street Light Condition,Traffic Signal Condition,General Construction/Plumbing"
-73.903508267335042,40.816031546872004,"Special Enforcement,PAINT/PLASTER,WATER LEAK"
-73.918893691979747,40.743610694244332,"Street Sign - Damaged,Traffic Signal Condition,Special Enforcement"
-73.944684940804095,40.721497203952616,"Graffiti,Other Enforcement,Derelict Vehicle"
-73.806333757679496,40.738500833502137,"Construction,Damaged Tree,Root/Sewer/Sidewalk Condition"
-73.876147026453268,40.707396150783474,"Root/Sewer/Sidewalk Condition,Overgrown Tree/Branches,Damaged Tree"
-73.927247374749371,40.647653024543864,"Root/Sewer/Sidewalk Condition,Sweeping/Missed,Derelict Vehicles"
-73.885584370572019,40.843571217593727,"Elevator,PAINT/PLASTER,DOOR/WINDOW"
-73.817265483151076,40.689326210181981,"Construction,Special Projects Inspection Team (SPIT),Building/Use"
-74.12388078024189,40.608415558077482,"Water Conservation,Root/Sewer/Sidewalk Condition,Street Light Condition"
-73.860137775365018,40.751852504212664,"Construction,Highway Condition,Graffiti"
-73.831405012655367,40.86811171718211,"Special Enforcement,DOF Property - Reduction Issue,Root/Sewer/Sidewalk Condition"
-73.85328743904148,40.57573865730437,"Dead Tree,Construction,Root/Sewer/Sidewalk Condition"
-73.925106494536237,40.61333750712636,"Derelict Vehicle,Derelict Vehicles,Root/Sewer/Sidewalk Condition"
-73.989010923588339,40.747140205511997,"Fire Safety Director - F58,Broken Muni Meter,Taxi Complaint"
-73.877431615047954,40.738803921488426,"Construction,Building/Use,Root/Sewer/Sidewalk Condition"
-73.876032386723452,40.664507508330459,"Street Sign - Missing,UNSANITARY CONDITION,Dirty Conditions"
-73.991717796364981,40.665640637680468,"Graffiti,Dead Tree,Food Establishment"
-73.85569046770199,40.709191118136587,"Root/Sewer/Sidewalk Condition,Hazardous Materials,Damaged Tree"
-73.823813622105789,40.747623845888974,"Construction,Building/Use,Street Sign - Missing"
-73.8462173753054,40.858847339159205,"Special Enforcement,Dead Tree,Street Sign - Damaged"
-73.70988814861019,40.744624047924766,"Construction,Dead Tree,Root/Sewer/Sidewalk Condition"
-73.766112932618611,40.680157284243741,"Derelict Vehicles,Sewer,Overgrown Tree/Branches"
-73.891579943272987,40.639202632145654,"Root/Sewer/Sidewalk Condition,Dead Tree,Street Condition"
-73.830658837968699,40.689174171361273,"Special Projects Inspection Team (SPIT),Emergency Response Team (ERT),Building/Use"
-73.974862393606045,40.645354207329824,"Derelict Vehicle,Root/Sewer/Sidewalk Condition,ELECTRIC"
-73.922349547765251,40.703297430840074,"Graffiti,PAINT/PLASTER,FLOORING/STAIRS"
-73.757227799455407,40.719207084070383,"Highway Condition,Derelict Vehicle,Overgrown Tree/Branches"
-73.925984151922862,40.757472681402561,"Broken Muni Meter,Special Enforcement,Construction"
-73.908851636235042,40.880460793938788,"Broken Muni Meter,UNSANITARY CONDITION,PAINT/PLASTER"
-73.917677861733281,40.685410966135187,"Dirty Conditions,Animal Abuse,Electrical"
-73.980513935086805,40.760900475317463,"Fire Safety Director - F58,Vending,EAP Inspection - F59"
-73.789263311386549,40.762565642776551,"Construction,Dead Tree,Street Light Condition"
-73.847239910210462,40.897661071486588,"Overgrown Tree/Branches,Root/Sewer/Sidewalk Condition,Water Conservation"
-74.069931653164062,40.600992857164698,"Overgrown Tree/Branches,Root/Sewer/Sidewalk Condition,Derelict Vehicle"
-74.135091279807313,40.632649283452011,"Dirty Conditions,Missed Collection (All Materials),UNSANITARY CONDITION"
-74.217158123656716,40.540339095512692,"Sanitation Condition,Missed Collection (All Materials),Highway Condition"
-73.922219037959749,40.660302219612149,"PAINT/PLASTER,GENERAL,DOOR/WINDOW"
-73.940190961020832,40.794101555062433,"UNSANITARY CONDITION,PLUMBING,WATER LEAK"
-73.781800306160292,40.692267169355418,"Root/Sewer/Sidewalk Condition,Sewer,Overgrown Tree/Branches"
-73.916617115269418,40.819406698360893,"Consumer Complaint,UNSANITARY CONDITION,PLUMBING"
-74.129123837068931,40.571870047961312,"Damaged Tree,Overgrown Tree/Branches,Dead Tree"
-73.907835657326928,40.657366739077013,"Overgrown Tree/Branches,Graffiti,Derelict Vehicles"
-73.730011268918105,40.758303579975937,"Highway Condition,Construction,Street Light Condition"
-73.98311030240005,40.689543827561593,"EAP Inspection - F59,Fire Safety Director - F58,Street Sign - Damaged"
-73.855255147824892,40.724632462490405,"Air Quality,Special Enforcement,Dead Tree"
-74.085623077526989,40.606835859804299,"Highway Condition,Other Enforcement,Street Condition"
-73.888538932777649,40.75920424054658,"Construction,Overgrown Tree/Branches,Building/Use"
-73.928057822189459,40.589781882742137,"Highway Condition,Traffic Signal Condition,Plumbing"
-73.954964927558422,40.686615828866145,"General Construction/Plumbing,Graffiti,WATER LEAK"
-73.970008025234506,40.759099453964119,"Fire Safety Director - F58,Taxi Complaint,Street Condition"
-73.997405444154438,40.720342939119604,"Fire Safety Director - F58,Street Condition,Consumer Complaint"
-73.755719684121885,40.665093011369805,"Construction,Root/Sewer/Sidewalk Condition,Street Condition"
-74.015166593900872,40.643470257718882,"Graffiti,Water System,Vending"
-73.889493397981965,40.676094092570239,"Graffiti,Dirty Conditions,PAINT/PLASTER"
-73.965165860680273,40.676732766254389,"Broken Muni Meter,PLUMBING,PAINT/PLASTER"
-73.975881537274034,40.61058111839435,"Damaged Tree,Sanitation Condition,Other Enforcement"
-73.925949768612568,40.628056728969327,"Derelict Vehicles,Root/Sewer/Sidewalk Condition,Overgrown Tree/Branches"
-73.766788040046407,40.599249989447827,"Water Conservation,Dirty Conditions,Street Sign - Missing"
-73.926204993888902,40.836173761242492,"PLUMBING,UNSANITARY CONDITION,PAINT/PLASTER"
-73.970537742942838,40.793771930749529,"Asbestos,Air Quality,PAINT/PLASTER"
-74.008645900835631,40.677347984414865,"Street Light Condition,Street Sign - Missing,Consumer Complaint"
-73.914118585671943,40.836175555469794,"PAINT/PLASTER,PLUMBING,DOOR/WINDOW"
-73.994028459611116,40.691250292983824,"Broken Muni Meter,Other Enforcement,Vending"
-73.873645439140745,40.75125975597247,"Construction,Special Enforcement,Elevator"
-73.94578420459132,40.630658903066191,"Derelict Vehicles,Sanitation Condition,Root/Sewer/Sidewalk Condition"
-74.099329536847023,40.574193265278936,"Water Conservation,Dead Tree,Damaged Tree"
-73.805508975616462,40.720919318586311,"Highway Condition,Construction,Water Conservation"
-74.163742625583012,40.612445620169957,"Water Conservation,Highway Condition,Root/Sewer/Sidewalk Condition"
-74.008194324318467,40.717517412828151,"Fire Safety Director - F58,Sidewalk Condition,Traffic"
-73.867839734084995,40.839831851106894,"Highway Condition,Graffiti,UNSANITARY CONDITION"
-73.735446737636778,40.674247652978252,"Street Light Condition,Damaged Tree,Water Conservation"
-73.888714289056509,40.854232330574092,"PAINT/PLASTER,UNSANITARY CONDITION,Special Enforcement"
-73.908792009854636,40.774316514220843,"Special Enforcement,Broken Muni Meter,Graffiti"
-74.174920735906099,40.552936335302221,"Root/Sewer/Sidewalk Condition,Street Light Condition,Dirty Conditions"
-73.959623272344487,40.655882672159549,"UNSANITARY CONDITION,PAINT/PLASTER,FLOORING/STAIRS"
-73.790432861071693,40.678211012386342,"Water Conservation,Construction,Dirty Conditions"
-73.963223093841009,40.764350732773501,"Traffic,DOF Parking - Tax Exemption,Taxi Complaint"
-73.858492706209532,40.690468403407635,"Construction,Derelict Vehicles,Derelict Vehicle"
-73.971393144822258,40.593731632922093,"Derelict Vehicles,Street Condition,Building/Use"
-73.95473142377908,40.815171999598888,"PAINT/PLASTER,PLUMBING,UNSANITARY CONDITION"
-74.196949537499052,40.524603939387916,"Overgrown Tree/Branches,Street Light Condition,Vacant Lot"
-73.937524163341564,40.664441279535339,"PAINT/PLASTER,PLUMBING,FLOORING/STAIRS"
-73.784752299931995,40.727517664716643,"Construction,Dead Tree,Highway Condition"
-73.931172795584999,40.855776116264565,"UNSANITARY CONDITION,DOOR/WINDOW,Elevator"
-73.793880525824548,40.592914038173397,"Construction,Water Conservation,Sewer"
-73.876603831732652,40.827524829723259,"Elevator,Graffiti,PAINT/PLASTER"
-74.135321363878987,40.555523365600415,"Root/Sewer/Sidewalk Condition,Overgrown Tree/Branches,Street Light Condition"
-73.961343356698592,40.714901420115822,"Special Projects Inspection Team (SPIT),Graffiti,HEAT/HOT WATER"
-73.940448660818248,40.817913856530609,"UNSANITARY CONDITION,Elevator,PLUMBING"
-73.902265297481051,40.86103623393511,"PAINT/PLASTER,DOOR/WINDOW,UNSANITARY CONDITION"
-73.890529295539011,40.818525577125008,"PLUMBING,WATER LEAK,Special Enforcement"
-73.821080222873789,40.781294949590915,"Construction,Root/Sewer/Sidewalk Condition,Dead Tree"
-73.914375886236044,40.762062127144333,"Broken Muni Meter,Construction,Special Enforcement"
-73.911531776421299,40.560439806455456,"Construction,Illegal Parking,Traffic"
-73.849413552495292,40.839805942998019,"Derelict Vehicle,Graffiti,Dirty Conditions"
-73.90145020526667,40.904162222019977,"Highway Condition,Root/Sewer/Sidewalk Condition,Derelict Vehicle"
-73.865894844691582,40.676872889381301,"Building/Use,Graffiti,Blocked Driveway"
-73.9917203423649,40.619284999299587,"Other Enforcement,Root/Sewer/Sidewalk Condition,Building/Use"
-73.999948269971483,40.576140170420004,"Elevator,Electrical,PAINT/PLASTER"
-73.916215513410648,40.849406663958128,"PAINT/PLASTER,PLUMBING,GENERAL"
-73.815028343113113,40.818255491578391,"Water Conservation,Derelict Vehicle,Highway Condition"
-73.942317298355533,40.83467600515155,"PAINT/PLASTER,PLUMBING,FLOORING/STAIRS"
-73.835993528460577,40.699111748438604,"Construction,Sanitation Condition,Street Light Condition"
-73.770221954153754,40.760002104874808,"Broken Muni Meter,Construction,Overgrown Tree/Branches"
-73.819898299970319,40.725910774672371,"PAINT/PLASTER,Street Sign - Damaged,Street Light Condition"
-73.944815720599578,40.601336927969797,"Overgrown Tree/Branches,Dead Tree,Derelict Vehicle"
-73.742966576679066,40.730461264647822,"Root/Sewer/Sidewalk Condition,Overgrown Tree/Branches,Damaged Tree"
-73.96084930672346,40.623227122329773,"Sewer,DOF Property - Reduction Issue,Overgrown Tree/Branches"
-73.853267520993398,40.737066041549468,"Highway Condition,Street Sign - Damaged,Construction"
-73.888187714308714,40.748172045904745,"Broken Muni Meter,Construction,Special Enforcement"
-73.990035374369512,40.700120823106111,"Noise - Park,Air Quality,Bridge Condition"
-74.007808784035134,40.615848799915476,"Traffic,Building/Use,Street Light Condition"
-73.838881244113523,40.656792781547132,"Dead Tree,Root/Sewer/Sidewalk Condition,Construction"
-73.982381251646515,40.776605781649842,"Vending,Air Quality,Elevator"
-73.920493035477023,40.808614640263947,"Special Enforcement,Animal Abuse,PAINT/PLASTER"
-73.938788342522585,40.710507156279483,"Graffiti,Street Light Condition,Broken Muni Meter"
-73.978152058952972,40.678126029699854,"Traffic,Sidewalk Condition,Street Light Condition"
-73.895743545582107,40.701503677402798,"Construction,Damaged Tree,Root/Sewer/Sidewalk Condition"
-73.84634736271704,40.87535258390276,"Derelict Vehicles,Snow,Derelict Vehicle"
-73.928070961109285,40.768978465797147,"Graffiti,Construction,Special Enforcement"
-74.158834478700186,40.586929923898111,"Special Enforcement,Water Conservation,Root/Sewer/Sidewalk Condition"
-73.90180839918898,40.830093903497165,"PLUMBING,PAINT/PLASTER,DOOR/WINDOW"
-73.805739701206335,40.703889659686787,"Construction,Consumer Complaint,Special Enforcement"
-73.944186924384212,40.677903792557181,"UNSANITARY CONDITION,PAINT/PLASTER,DOOR/WINDOW"
-73.819568976695649,40.67375812686744,"Derelict Vehicle,Overgrown Tree/Branches,Building/Use"
-73.930201805164501,40.691929126503844,"Graffiti,Electrical,Animal Abuse"
-73.772035069359333,40.711246618118174,"Derelict Vehicles,Damaged Tree,Sanitation Condition"
-73.86347558843336,40.853603892725843,"Broken Muni Meter,Animal Abuse,Street Sign - Damaged"
-73.960897249847747,40.57896406598001,"Broken Muni Meter,Electrical,Graffiti"
-74.10249014198844,40.615895311764305,"Street Condition,Missed Collection (All Materials),Overgrown Tree/Branches"
-74.029931098378114,40.634099968645984,"Air Quality,Damaged Tree,Maintenance or Facility"
-74.005847485706795,40.643862306028133,"Graffiti,Animal Abuse,Vending"
-73.931889321092385,40.738761448000815,"Highway Condition,Special Enforcement,Construction"
-73.860401495578046,40.895397550784701,"PAINT/PLASTER,DOOR/WINDOW,PLUMBING"
-73.788685599658663,40.648361723275301,"For Hire Vehicle Complaint,Taxi Complaint,Taxi Report"
-73.990755104402012,40.733645666721962,"Homeless Encampment,Fire Safety Director - F58,Taxi Complaint"
-73.954813841720181,40.730605068614693,"Air Quality,General Construction/Plumbing,Special Projects Inspection Team (SPIT)"
-74.001305324083333,40.743227612859116,"Fire Safety Director - F58,Taxi Complaint,Food Establishment"
-73.799494064640299,40.777881521688407,"Construction,Dead Tree,Damaged Tree"
-73.73594458359635,40.695605908330073,"Root/Sewer/Sidewalk Condition,Dead Tree,Street Light Condition"
-73.898879826954641,40.771342086684214,"Graffiti,Highway Condition,Construction"
-73.997536481073553,40.60479171351998,"Broken Muni Meter,Traffic Signal Condition,PLUMBING"
