Longitude,Latitude,Labels
-73.829359703373441,40.703083244744874,"Blocked Driveway,Noise - Commercial,Derelict Vehicles"
-73.994861960529548,40.716974587722021,"Noise - Commercial,Taxi Complaint,Noise - Helicopter"
-73.92553267799272,40.829016033063589,"Noise - Vehicle,PLUMBING,Noise - Street/Sidewalk"
-73.932586877289452,40.591015385446376,"Street Light Condition,Blocked Driveway,Lead"
-74.127933692121516,40.611915158226971,"Highway Condition,Overflowing Litter Baskets,PLUMBING"
-73.926574379329324,40.70424595274644,"Noise - Vehicle,Noise - Commercial,Taxi Complaint"
-73.825534377447255,40.762668824473998,"Noise - Vehicle,Taxi Complaint,Noise"
-73.849914709824958,40.839994709471505,"Blocked Driveway,Noise - Vehicle,HEAT/HOT WATER"
-73.948738903991114,40.78106922862176,"Noise,Noise - Commercial,Taxi Complaint"
-73.993491072456024,40.639711171332685,"Traffic Signal Condition,Illegal Parking,Blocked Driveway"
-73.765195245984643,40.664629851623708,"Construction,Blocked Driveway,Noise - Street/Sidewalk"
-73.874941726244458,40.681179984506144,"Street Sign - Missing,Illegal Parking,Noise - Street/Sidewalk"
-73.932829147575916,40.666297119538093,"Noise - Street/Sidewalk,Noise - Vehicle,Noise - Commercial"
-73.913849781361577,40.763783513188045,"Noise - Commercial,Taxi Complaint,Blocked Driveway"
-73.907202902231646,40.88023288153812,"Noise - Vehicle,For Hire Vehicle Complaint,Food Poisoning"
-73.989320061156903,40.756600020732463,"Noise,Taxi Complaint,Noise - Vehicle"
-73.786761630145662,40.590913688491952,"DOOR/WINDOW,Building/Use,General Construction/Plumbing"
-74.209986732724317,40.539933519576074,"Illegal Parking,Street Sign - Damaged,Derelict Vehicles"
-73.886441809302767,40.848064964600866,"DOOR/WINDOW,PLUMBING,Noise - Street/Sidewalk"
-73.96264792873275,40.711058846450463,"Noise,Noise - Street/Sidewalk,Noise - Commercial"
-73.772053119269458,40.76214806914205,"Drinking,Noise - Commercial,Lead"
-73.883114931848638,40.755884647427358,"Noise - Commercial,Blocked Driveway,Noise - Street/Sidewalk"
-74.099243197420364,40.63146103792274,"Animal Abuse,Noise - Commercial,Snow"
-73.953270665292663,40.668897633399368,"Noise - Commercial,Noise - Vehicle,Noise - Street/Sidewalk"
-73.931271203881451,40.853993746114853,"Noise - Street/Sidewalk,Noise - Vehicle,Noise - Commercial"
-73.994953066906746,40.601723012199074,"Illegal Parking,Drinking,Blocked Driveway"
-73.956657854353253,40.641636597256003,"Noise - Street/Sidewalk,Noise - Vehicle,Noise - Commercial"
-73.829201367316855,40.854150989468472,"Illegal Parking,Street Light Condition,Noise - Street/Sidewalk"
-73.877667953597623,40.825909344409276,"Dirty Conditions,Smoking,Boilers"
-73.744225687194188,40.696440339521025,"Air Quality,Noise - Vehicle,Noise"
-73.894820374658252,40.67426957200653,"Noise - Commercial,Noise - Street/Sidewalk,Blocked Driveway"
-74.027263315838937,40.630535998281232,"Noise - Commercial,PAINT/PLASTER,Noise - Vehicle"
-73.973864495641138,40.678579629032257,"Noise - Street/Sidewalk,Noise - Commercial,For Hire Vehicle Complaint"
-73.859017472170578,40.882837613359094,"Blocked Driveway,Water System,Noise - Commercial"
-73.86363702108973,40.731177143078163,"Blocked Driveway,Food Establishment,DOOR/WINDOW"
-73.941055494842217,40.819012501408551,"Noise - Street/Sidewalk,Noise - Vehicle,Noise - House of Worship"
-73.827199256815973,40.685708453445407,"Noise - Commercial,Blocked Driveway,Derelict Vehicles"
-73.906413836675085,40.845466792707498,"Noise - Vehicle,Noise - Street/Sidewalk,Water System"
-74.003266451399895,40.73079751965345,"Noise - Commercial,Taxi Complaint,Noise - Vehicle"
-73.733015775245676,40.728845053427094,"Illegal Parking,Construction,Noise - Vehicle"
-73.915230923921754,40.616156554322927,"Blocked Driveway,Derelict Vehicle,Derelict Vehicles"
-74.146998014300195,40.550974439425588,"Traffic Signal Condition,Street Light Condition,Other Enforcement"
-73.786087045711668,40.691832801714185,"Noise - Street/Sidewalk,Animal Abuse,Illegal Parking"
-73.942101371910141,40.722118260183805,"Noise - Vehicle,Illegal Parking,Noise"
-73.991087255402348,40.69559427441412,"Noise - Helicopter,Taxi Complaint,Noise - Vehicle"
-73.951398898495256,40.823287151100224,"Noise - Street/Sidewalk,Food Establishment,Indoor Air Quality"
-74.082927529287787,40.609798694571808,"Highway Condition,Noise - Vehicle,Snow"
-73.787242794225861,40.847079001192867,"Snow,Illegal Parking,Street Light Condition"
-73.964840538607859,40.799733843633732,"Noise - Street/Sidewalk,Noise - Vehicle,PLUMBING"
-73.904197977846422,40.824134159989725,"Noise - Street/Sidewalk,UNSANITARY CONDITION,WATER LEAK"
-73.908815243083694,40.692514639743102,"Noise - Vehicle,Blocked Driveway,Noise - Commercial"
-73.932928716228318,40.620116700995652,"Noise - Commercial,Derelict Vehicle,Blocked Driveway"
-74.009018626800682,40.708091770055653,"Noise,Taxi Complaint,Street Light Condition"
-73.963783975496384,40.762266434417015,"Homeless Encampment,Taxi Complaint,Other Enforcement"
-73.982923705530908,40.743372155370054,"Indoor Air Quality,Taxi Complaint,Noise - Street/Sidewalk"
-73.925525309581531,40.758453091340044,"Noise - Commercial,Other Enforcement,Traffic Signal Condition"
-73.943752036814814,40.831687873380403,"Noise - Street/Sidewalk,Noise - Vehicle,WATER LEAK"
-73.845326630677263,40.669890673295029,"HEAT/HOT WATER,Taxi Complaint,Indoor Air Quality"
-74.141789124449588,40.631708954054211,"Noise - Commercial,WATER LEAK,UNSANITARY CONDITION"
-73.968506346262672,40.577453368025388,"Food Establishment,Noise - Street/Sidewalk,Street Light Condition"
-73.808428291061716,40.760362999912829,"Traffic Signal Condition,Illegal Parking,Noise - Commercial"
-73.919107806202405,40.866828736741809,"Noise - Street/Sidewalk,Noise - Commercial,Noise - Vehicle"
-73.814970590552889,40.732164954264732,"Noise - Park,Smoking,Street Light Condition"
-73.878746740680995,40.878295807629328,"Noise - Street/Sidewalk,Noise - Vehicle,Noise - Park"
-73.845339696900112,40.689223806968087,"Blocked Driveway,Noise - Commercial,Vacant Lot"
-73.822458713994081,40.583806531474089,"Noise - Vehicle,Traffic Signal Condition,Sewer"
-73.890894363309059,40.728965694238489,"Illegal Parking,Building/Use,Street Light Condition"
-73.854599321932255,40.815215763921245,"Boilers,Noise - Vehicle,Electrical"
-73.943784938904415,40.680395730000498,"Noise - Commercial,Animal Abuse,Noise - Street/Sidewalk"
-73.956517833711885,40.655121952410759,"Noise - Street/Sidewalk,Noise - Vehicle,Noise - Commercial"
-73.842804289189431,40.786720868716515,"Noise - Vehicle,Noise - Park,Illegal Parking"
-73.916200200578515,40.657399059179362,"Blocked Driveway,PLUMBING,WATER LEAK"
-73.852923060604795,40.724538171911213,"Noise,ELECTRIC,Air Quality"
-73.996992789195687,40.662417643577761,"Traffic Signal Condition,Street Sign - Missing,Noise - Commercial"
-74.243496417346819,40.513258461627444,"Noise - Commercial,Animal Abuse,Traffic Signal Condition"
-73.992217389007351,40.619551283405848,"Illegal Parking,Noise - Park,Street Sign - Damaged"
-73.755924022772746,40.60046774505259,"Noise - Street/Sidewalk,Noise - Park,Blocked Driveway"
-73.789577877353977,40.673364365375747,"Noise - Street/Sidewalk,Traffic Signal Condition,Construction"
-73.982309844331041,40.729212046402054,"Noise - Commercial,Noise,Taxi Complaint"
-73.951777419773876,40.607162162896138,"Noise - Vehicle,Street Sign - Damaged,Consumer Complaint"
-73.950548117910557,40.709611686931424,"Noise - Commercial,Noise - Street/Sidewalk,Noise"
-73.821425895697288,40.82229917821639,"Noise - Street/Sidewalk,Blocked Driveway,Street Sign - Missing"
-73.993435544133192,40.741656651346588,"Noise - Commercial,Taxi Complaint,Noise - Vehicle"
-73.886805913184631,40.837177241310478,"Noise - Street/Sidewalk,Noise - Vehicle,Street Light Condition"
-73.981818461314234,40.778759069045165,"Noise,Taxi Complaint,Noise - Vehicle"
-73.955285803922834,40.688079662929525,"Noise - Commercial,Noise - Street/Sidewalk,Noise - Vehicle"
-73.909205154966543,40.70372541939296,"Noise - Commercial,Curb Condition,Blocked Driveway"
-73.974746371513959,40.639505329793494,"Illegal Parking,Noise - Commercial,UNSANITARY CONDITION"
-73.866253874538387,40.86673567141743,"Noise - Street/Sidewalk,Noise - Vehicle,Street Light Condition"
-73.847124821636712,40.895053871798588,"Noise - Street/Sidewalk,Blocked Driveway,Noise - Vehicle"
-74.117344470988002,40.564107697605742,"Illegal Parking,Noise - Vehicle,Sanitation Condition"
-73.952494908399288,40.803485054505572,"Noise - Street/Sidewalk,Noise - Vehicle,Noise - Commercial"
-73.844366772911144,40.739195815070218,"Highway Condition,Noise - Park,Noise - Street/Sidewalk"
-73.936514377133321,40.806297382055362,"Noise - Street/Sidewalk,Litter Basket / Request,Noise"
-73.911667799177152,40.679134588438735,"Street Sign - Missing,Noise - Vehicle,Traffic Signal Condition"
-74.157578354655058,40.611554069687891,"Food Establishment,Blocked Driveway,Highway Condition"
-73.813330503842465,40.786209355345278,"Illegal Parking,Collection Truck Noise,Noise - Vehicle"
-74.003858275347454,40.743841602083492,"Taxi Complaint,Noise - Commercial,Noise - Vehicle"
-73.914455488137122,40.835785925070255,"Noise - Street/Sidewalk,Noise - Vehicle,Food Establishment"
-73.866243671555424,40.752987099867383,"Noise - Commercial,Blocked Driveway,Animal Abuse"
-73.713926847409439,40.745473025378992,"ELECTRIC,Indoor Air Quality,Traffic Signal Condition"
-73.890430505580753,40.866385867109763,"Noise - Vehicle,Noise - Street/Sidewalk,Noise"
-73.939552264958394,40.755634527936586,"Noise - Street/Sidewalk,Traffic Signal Condition,Noise - Vehicle"
-73.732622570679396,40.67282099816299,"Derelict Vehicle,Traffic Signal Condition,Derelict Vehicles"
-74.008050691627801,40.630944079379375,"Noise - Commercial,Illegal Parking,Noise - Vehicle"
-73.759609555288748,40.719328529412458,"Illegal Parking,Construction,Curb Condition"
-73.902784800877029,40.745284841575575,"Blocked Driveway,Illegal Parking,Noise - Street/Sidewalk"
-73.817076542642411,40.69026725078637,"Noise - Commercial,Traffic Signal Condition,Blocked Driveway"
-73.905085613878711,40.637629450769694,"Blocked Driveway,Noise - Commercial,Noise - Vehicle"
-73.892406103782989,40.703040360340722,"Blocked Driveway,Illegal Parking,Air Quality"
-74.179780736202645,40.554970819426238,"Traffic Signal Condition,Illegal Parking,Water Conservation"
-73.926535709609226,40.771018761745481,"Blocked Driveway,Noise - Street/Sidewalk,Taxi Complaint"
-74.165425208599089,40.632417711462139,"Illegal Parking,Noise - Vehicle,Traffic"
-73.792094826366238,40.70965790410839,"Blocked Driveway,ELEVATOR,Noise - Commercial"
-73.950702840284819,40.58881172577567,"Derelict Vehicles,Noise - Park,Taxi Complaint"
-73.927391588341166,40.645686514881739,"Noise - Commercial,Blocked Driveway,Sewer"
-73.89266143058299,40.75025315898359,"Noise - Vehicle,Food Establishment,Taxi Complaint"
-73.937132989170323,40.844493592522326,"Noise - Street/Sidewalk,Noise - Vehicle,Highway Condition"
-74.011968660182973,40.647045568184879,"Noise - Street/Sidewalk,Noise - Commercial,Noise"
-73.862638251444281,40.690352146988694,"Blocked Driveway,Illegal Parking,Street Sign - Missing"
-74.069349818414864,40.594866097347328,"Illegal Parking,Noise - Commercial,Maintenance or Facility"
-73.99519871645694,40.577741905227228,"Noise,Noise - Park,Animal Abuse"
-73.990532038706718,40.72899055803137,"Noise - Commercial,Taxi Complaint,Homeless Encampment"
-73.91568006173928,40.818726994484003,"Noise - Vehicle,PLUMBING,Noise - Street/Sidewalk"
-73.919432240262026,40.846743783653793,"Noise - Street/Sidewalk,Noise - Vehicle,Sewer"
-74.097539261462217,40.580905994053701,"Non-Residential Heat,Traffic Signal Condition,Illegal Parking"
-73.855407545038361,40.672993759728293,"Street Sign - Missing,Street Condition,Other Enforcement"
-73.954257532059827,40.772052852037461,"Taxi Complaint,Noise,Food Establishment"
-73.751035726482712,40.678282337801136,"DOOR/WINDOW,Street Sign - Damaged,FLOORING/STAIRS"
-74.033176009917838,40.616574825029012,"For Hire Vehicle Complaint,WATER LEAK,Taxi Complaint"
-73.976437913663148,40.610028073848262,"Illegal Parking,Noise - Vehicle,Noise - Commercial"
-73.908302248075898,40.857499867975513,"Noise - Street/Sidewalk,Noise - Vehicle,Noise - Commercial"
-73.945883411026443,40.647705984499467,"Noise - Commercial,Blocked Driveway,Noise - Park"
-73.86610899398346,40.836357837718651,"Noise - Street/Sidewalk,Derelict Vehicles,WATER LEAK"
-73.894048434589919,40.657489796857085,"Street Sign - Missing,Noise - Street/Sidewalk,DOOR/WINDOW"
-73.928905800342775,40.688907701650741,"Noise - Vehicle,Animal Abuse,Noise - Street/Sidewalk"
-73.738629503297872,40.768401453295589,"Illegal Parking,Other Enforcement,Maintenance or Facility"
-73.900279581366235,40.832662267642306,"Noise - Street/Sidewalk,Noise - Vehicle,Noise - Park"
-73.804585925085718,40.698715354482438,"Maintenance or Facility,Derelict Vehicles,Drinking"
-73.954178151991755,40.730864494964685,"Noise - Commercial,Noise - Helicopter,Noise - Vehicle"
-73.938617455194887,40.69613607657864,"Noise - Vehicle,Noise - Commercial,PAINT/PLASTER"
-73.873196507182016,40.666749982573236,"Street Sign - Missing,Animal Abuse,PLUMBING"
-73.927523247242206,40.863960600675668,"Noise - Street/Sidewalk,Noise - Commercial,Noise - Vehicle"
-73.805581956693644,40.680682917913238,"Highway Condition,Construction,Blocked Driveway"
-73.918422000938776,40.80884023388009,"Noise - Vehicle,Illegal Parking,Noise - Street/Sidewalk"
-73.942424109673638,40.792962114127548,"Noise - Commercial,Noise - Street/Sidewalk,Noise - Vehicle"
-74.080999408547697,40.636987521121419,"Illegal Parking,Derelict Vehicle,Animal Abuse"
-73.897207946152704,40.857275200567692,"Noise - Street/Sidewalk,Smoking,Noise - Vehicle"
-73.788241855095805,40.648243559508998,"Taxi Report,For Hire Vehicle Complaint,Taxi Complaint"
-74.120990376792562,40.633189155107232,"Noise - Street/Sidewalk,Derelict Vehicles,Noise - Park"
-73.980956368518321,40.592457270668291,"Animal Abuse,Illegal Parking,Noise - Vehicle"
-73.986335717857301,40.764859431723224,"Noise,Taxi Complaint,Noise - Vehicle"
-73.898851852396305,40.906097807715817,"Street Light Condition,Hazardous Materials,Traffic Signal Condition"
-73.830077166537848,40.879692139076511,"Street Sign - Missing,Noise - Vehicle,Noise"
-73.789099455704431,40.760354618227097,"Building/Use,Street Light Condition,Damaged Tree"
-73.838583199242635,40.721164574314663,"Noise - Park,Collection Truck Noise,Noise - Street/Sidewalk"
-73.767816321816355,40.681396547155458,"Noise - Commercial,Noise - Vehicle,Noise - Park"
-73.982883970919218,40.665976237148008,"Noise - Park,Noise - Vehicle,Noise"
-73.89450166019418,40.817682455500425,"Blocked Driveway,Noise - Vehicle,Water System"
-73.951608313866146,40.74408822055716,"Noise - Commercial,Noise - Vehicle,Taxi Complaint"
-73.976531549760026,40.761767997635864,"Homeless Person Assistance,Noise,Noise - Commercial"
-73.89644562832099,40.883351853410311,"FLOORING/STAIRS,UNSANITARY CONDITION,PLUMBING"
-73.908720974581669,40.775056255214487,"Taxi Complaint,Street Light Condition,Noise - Park"
-74.007206602353051,40.718467707320187,"Noise,Noise - Vehicle,Taxi Complaint"
-73.78734039520063,40.734945235615328,"Noise - Commercial,Damaged Tree,Traffic Signal Condition"
-73.877288123125766,40.742436876790265,"Taxi Complaint,Street Sign - Damaged,For Hire Vehicle Complaint"
-73.906815924556952,40.718003438879251,"Derelict Vehicle,Street Light Condition,Building/Use"
-73.985441904757025,40.720677687154961,"Noise - Commercial,Taxi Complaint,Noise - Vehicle"
-73.973256023746814,40.788361744160561,"Noise - Vehicle,Taxi Complaint,Indoor Air Quality"
-73.862410849232191,40.897775768052782,"Illegal Parking,Noise - Commercial,Building/Use"
-73.865037041642225,40.855468855834673,"Street Light Condition,Blocked Driveway,Public Payphone Complaint"
-73.736468015966778,40.656439318694765,"Noise - Vehicle,Building/Use,Noise - House of Worship"
-73.959281718669757,40.719160823381578,"HEAT/HOT WATER,Noise - Commercial,Noise - Vehicle"
-73.873988128421814,40.768128282234173,"Blocked Driveway,Taxi Report,Noise - Vehicle"
-74.163106578981953,40.586681523435914,"Blocked Driveway,Noise - Vehicle,Lead"
-73.974453022582225,40.750634400505703,"Taxi Complaint,Indoor Air Quality,Noise"
-73.820705313916505,40.671409088096141,"Highway Condition,Noise - Vehicle,Construction"
-73.965164590535821,40.693926325627693,"Noise - Vehicle,Noise - Commercial,Noise"
-74.005048994649343,40.678800679614831,"Noise - Vehicle,Noise - Street/Sidewalk,Illegal Parking"
-73.761508246319181,40.702508951555842,"Noise - Commercial,Street Sign - Missing,Street Sign - Damaged"
-73.847900150509986,40.869945720737974,"Blocked Driveway,Noise - Park,Street Light Condition"
-73.93671942684449,40.630327997394396,"Blocked Driveway,Derelict Vehicles,Damaged Tree"
-73.837343437804719,40.652004830312279,"Noise - Commercial,Dead Tree,General Construction/Plumbing"
-73.960507653951908,40.626705053277128,"PAINT/PLASTER,Noise - Vehicle,Consumer Complaint"
-73.921959860362549,40.676816407336943,"Noise - Vehicle,Noise - Street/Sidewalk,Traffic Signal Condition"
-73.961090085661525,40.67885338657134,"Noise - Commercial,Noise - Street/Sidewalk,Noise - Vehicle"
-73.814861907267812,40.712122174408144,"Traffic Signal Condition,Sewer,Highway Condition"
-73.825837893149483,40.747429019455836,"Food Establishment,Taxi Complaint,Blocked Driveway"
-73.859337623135929,40.710127701829379,"Hazardous Materials,Illegal Parking,Noise - Commercial"
-73.887844482167637,40.639773958444522,"Street Sign - Missing,Blocked Driveway,Noise - Street/Sidewalk"
-73.830322656748194,40.843349531407348,"Street Light Condition,Street Sign - Missing,Blocked Driveway"
-73.919712944943143,40.695851324135198,"Noise - Vehicle,Noise - Street/Sidewalk,Blocked Driveway"
-73.928472198919707,40.737471418504725,"Bridge Condition,Highway Condition,Overgrown Tree/Branches"
-73.902192982069195,40.868761444053106,"Noise - Vehicle,Noise - Street/Sidewalk,UNSANITARY CONDITION"
-73.951709385450414,40.814100391528953,"Noise - Street/Sidewalk,Noise,PLUMBING"
-73.984150317654311,40.684755436545231,"Noise - Commercial,Noise - Vehicle,Noise"
-73.737487084135054,40.711783248010867,"Derelict Vehicle,Noise - Vehicle,Noise - Street/Sidewalk"
-73.754064999394544,40.748388226943469,"Noise - Street/Sidewalk,Collection Truck Noise,Illegal Parking"
-73.996631231081636,40.760131468801106,"Noise,Taxi Complaint,Noise - Commercial"
-73.91890903734371,40.742748265764241,"Taxi Complaint,Noise - Vehicle,Noise - Commercial"
