Longitude,Latitude,Labels
-73.920125815222207,40.811679412913655,"Special Enforcement,Consumer Complaint,Broken Muni Meter"
-73.909469579657909,40.638109268753595,"Root/Sewer/Sidewalk Condition,Derelict Vehicles,Water Conservation"
-74.135730379081224,40.561734250594974,"Root/Sewer/Sidewalk Condition,Dead Tree,Overgrown Tree/Branches"
-73.738221543701329,40.700624780514147,"Dead Tree,Root/Sewer/Sidewalk Condition,Overgrown Tree/Branches"
-73.948915699055846,40.707348390326565,"Missed Collection (All Materials),Street Light Condition,Graffiti"
-74.008003452426223,40.62937020866493,"Graffiti,Root/Sewer/Sidewalk Condition,Building/Use"
-73.875284459545284,40.76417614525888,"Construction,Street Light Condition,Taxi Complaint"
-73.849803196225579,40.845901781732721,"Dirty Conditions,Derelict Vehicle,Consumer Complaint"
-73.81902654930019,40.68801873769609,"Building/Use,Construction,Special Enforcement"
-73.979369571799396,40.74326372460645,"Fire Safety Director - F58,Broken Muni Meter,Taxi Complaint"
-73.907996011561721,40.849455934801227,"DOOR/WINDOW,PLUMBING,PAINT/PLASTER"
-73.790179507405711,40.760865462217971,"Construction,Dead Tree,Street Light Condition"
-73.95997206204153,40.653793854065391,"PAINT/PLASTER,UNSANITARY CONDITION,PLUMBING"
-73.818784379669765,40.587725523207098,"Plant,Street Light Condition,Water Conservation"
-73.975331349687679,40.603114791736878,"Graffiti,Overgrown Tree/Branches,Damaged Tree"
-73.910637749576878,40.675284454487809,"Street Light Condition,PLUMBING,PAINT/PLASTER"
-74.13831916011253,40.629579303871672,"Missed Collection (All Materials),Overgrown Tree/Branches,Damaged Tree"
-74.087563703700965,40.613769411557726,"Highway Condition,Sanitation Condition,Missed Collection (All Materials)"
-74.176573670839034,40.552720900150646,"Root/Sewer/Sidewalk Condition,Overgrown Tree/Branches,Snow"
-73.974787152397951,40.762304328792439,"Fire Safety Director - F58,EAP Inspection - F59,Taxi Complaint"
-73.859288488942681,40.890281438769833,"PAINT/PLASTER,PLUMBING,UNSANITARY CONDITION"
-73.994409870694426,40.684623308521957,"Missed Collection (All Materials),Air Quality,General Construction/Plumbing"
-73.920131032300404,40.757993737791729,"Broken Muni Meter,Special Enforcement,Construction"
-73.877030433842037,40.709908289309304,"Special Enforcement,Overgrown Tree/Branches,Dead Tree"
-73.844576739209529,40.784382798722156,"Construction,Derelict Vehicle,Missed Collection (All Materials)"
-73.939839962388135,40.819100610577983,"UNSANITARY CONDITION,PLUMBING,DOOR/WINDOW"
-73.797159385588984,40.67806456757976,"Derelict Vehicle,Construction,Derelict Vehicles"
-73.875166824278324,40.667355276819059,"Street Light Condition,PLUMBING,Sanitation Condition"
-73.750834670414676,40.602209633680701,"Special Enforcement,Street Sign - Missing,Sewer"
-73.73780678892291,40.765833464128491,"Construction,Dead Tree,Special Enforcement"
-73.939482057416257,40.591674675295053,"Derelict Vehicle,Overgrown Tree/Branches,Dead Tree"
-73.954295165256667,40.781752326124014,"Vending,Noise,Sidewalk Condition"
-73.809856939450981,40.717090152066255,"Highway Condition,Special Enforcement,Construction"
-73.863183758481739,40.871859505428993,"UNSANITARY CONDITION,PLUMBING,Water Conservation"
-74.009962818475245,40.708509286725764,"Fire Safety Director - F58,Street Sign - Damaged,Sidewalk Condition"
-73.956007395052538,40.68817757497289,"Air Quality,General Construction/Plumbing,Missed Collection (All Materials)"
-73.767606863361607,40.664450212337258,"Root/Sewer/Sidewalk Condition,Special Enforcement,Derelict Vehicle"
-73.889145012983377,40.818051810205944,"Graffiti,PLUMBING,ELECTRIC"
-73.924673851066075,40.684631859021763,"Overgrown Tree/Branches,Missed Collection (All Materials),DOOR/WINDOW"
-73.89721729498126,40.701773982435085,"Construction,Derelict Vehicle,Special Enforcement"
-73.73838072482927,40.723972483356505,"Street Light Condition,Root/Sewer/Sidewalk Condition,Overgrown Tree/Branches"
-73.823857003554252,40.749067791404585,"Construction,Missed Collection (All Materials),Broken Muni Meter"
-73.923035955338179,40.865875333468168,"Indoor Air Quality,Noise - Helicopter,PAINT/PLASTER"
-73.843712505738182,40.721661259092414,"Special Enforcement,Broken Muni Meter,Construction"
-73.874929222191767,40.747670443411479,"Construction,Special Enforcement,Elevator"
-73.956354703121548,40.581730008127735,"Graffiti,Dead Tree,Broken Muni Meter"
-74.005739965767603,40.719339705889027,"Fire Safety Director - F58,Sidewalk Condition,EAP Inspection - F59"
-73.974436305809888,40.674353862790689,"Broken Muni Meter,Special Enforcement,Water System"
-73.944673518200091,40.636820327623006,"Overgrown Tree/Branches,Derelict Vehicles,PAINT/PLASTER"
-73.875295512985431,40.828468843404266,"Elevator,DOOR/WINDOW,Highway Condition"
-73.8300639447733,40.879336120487721,"Special Enforcement,Derelict Vehicles,Consumer Complaint"
-73.838206199980263,40.658102999741047,"Dead Tree,Construction,Root/Sewer/Sidewalk Condition"
-73.880543012765614,40.878052753924486,"PAINT/PLASTER,PLUMBING,Elevator"
-73.990975855989063,40.746043330972441,"Fire Safety Director - F58,Taxi Complaint,Broken Muni Meter"
-74.199202377879516,40.544611866698546,"Root/Sewer/Sidewalk Condition,Dead Tree,Overgrown Tree/Branches"
-73.988457906258091,40.617319186503664,"Other Enforcement,Missed Collection (All Materials),Root/Sewer/Sidewalk Condition"
-73.850428502742673,40.688271044946376,"Derelict Vehicle,Street Light Condition,Derelict Vehicles"
-73.903364016970798,40.746138818116606,"Special Enforcement,Construction,Blocked Driveway"
-73.993812346715302,40.601107625530858,"Street Light Condition,Broken Muni Meter,Graffiti"
-74.241988445962861,40.510375037755423,"Root/Sewer/Sidewalk Condition,Missed Collection (All Materials),Sanitation Condition"
-73.944388973294508,40.791918631758854,"UNSANITARY CONDITION,PAINT/PLASTER,Elevator"
-73.931181981272786,40.701528052535132,"Graffiti,Street Light Condition,Electrical"
-73.944155946475774,40.721408993671744,"Street Light Condition,Missed Collection (All Materials),Graffiti"
-73.830975391266222,40.84718726282405,"Overgrown Tree/Branches,Street Light Condition,Dead Tree"
-73.777029698397513,40.713072469691596,"Street Light Condition,Highway Condition,Missed Collection (All Materials)"
-74.091908328019883,40.590495138791646,"Overgrown Tree/Branches,Root/Sewer/Sidewalk Condition,Water Conservation"
-73.973117473460817,40.632536129984885,"Dead Tree,Derelict Vehicles,Traffic Signal Condition"
-73.920030968121367,40.844669060424145,"UNSANITARY CONDITION,Elevator,FLOORING/STAIRS"
-73.972190750237061,40.791412530198535,"Air Quality,Asbestos,Indoor Air Quality"
-74.113119177712363,40.631927337073421,"Root/Sewer/Sidewalk Condition,Missed Collection (All Materials),Derelict Vehicle"
-73.850176251341594,40.576479725278709,"Construction,Dead Tree,Street Light Condition"
-73.709729241684244,40.746577718889213,"Construction,Root/Sewer/Sidewalk Condition,Street Light Condition"
-73.740413504992688,40.659127760477048,"Root/Sewer/Sidewalk Condition,Sewer,Construction"
-73.983015156269815,40.723101777103636,"Maintenance or Facility,Indoor Air Quality,Special Projects Inspection Team (SPIT)"
-73.819921876736529,40.784028523419593,"Construction,Dead Tree,Root/Sewer/Sidewalk Condition"
-73.918044390477718,40.702669526878758,"Graffiti,Electrical,Water System"
-74.027500879277625,40.632927114834878,"Maintenance or Facility,Root/Sewer/Sidewalk Condition,Street Light Condition"
-73.988526862000015,40.665564977681413,"Graffiti,Street Light Condition,Traffic Signal Condition"
-73.88817756463169,40.677017889875401,"Graffiti,UNSANITARY CONDITION,Derelict Vehicles"
-73.929882481670745,40.649569371017947,"Root/Sewer/Sidewalk Condition,WATER LEAK,Derelict Vehicles"
-74.082438534199184,40.636480169947184,"Missed Collection (All Materials),Water Conservation,Sanitation Condition"
-73.942708593583191,40.747214716456668,"Special Enforcement,Construction,Street Light Condition"
-73.901033921519314,40.903120562720119,"Highway Condition,Derelict Vehicle,Dead Tree"
-74.163700317456644,40.588310311424664,"Special Enforcement,Root/Sewer/Sidewalk Condition,Water Conservation"
-73.906860294318321,40.81666511717863,"PLUMBING,Elevator,UNSANITARY CONDITION"
-73.787776743707738,40.733261426834481,"Street Light Condition,Construction,Dead Tree"
-73.989867183281504,40.733324602913832,"Homeless Encampment,Fire Safety Director - F58,Air Quality"
-73.98032299772359,40.779917761878458,"Air Quality,Vending,DOF Parking - Tax Exemption"
-73.822843373279156,40.833648303029157,"Root/Sewer/Sidewalk Condition,Overgrown Tree/Branches,Missed Collection (All Materials)"
-73.785581314203739,40.658607125895188,"Taxi Complaint,For Hire Vehicle Complaint,Fire Safety Director - F58"
-73.89302594472619,40.865646022656613,"PAINT/PLASTER,WATER LEAK,PLUMBING"
-73.800922062008368,40.784213720434892,"Special Enforcement,Construction,Missed Collection (All Materials)"
-73.770868951685813,40.759062228943243,"Construction,Special Enforcement,Broken Muni Meter"
-73.959021729053362,40.639237828143237,"PAINT/PLASTER,PLUMBING,Elevator"
-73.877093307274293,40.731641461995856,"Special Enforcement,Construction,Overgrown Tree/Branches"
-73.782549933155281,40.690320409577637,"Construction,Water Conservation,Overgrown Tree/Branches"
-74.166914985259567,40.535295757715218,"Root/Sewer/Sidewalk Condition,Snow,Overgrown Tree/Branches"
-73.888182588648434,40.750192484720429,"Special Enforcement,Construction,Broken Muni Meter"
-73.912069807838279,40.77621999096997,"Street Light Condition,Special Enforcement,Construction"
-74.069913100610989,40.603241401061602,"Missed Collection (All Materials),Water Conservation,Damaged Tree"
-73.828223243044206,40.707424942692725,"Highway Condition,Special Enforcement,Street Light Condition"
-73.983567782922066,40.754618712386559,"Fire Safety Director - F58,Vending,EAP Inspection - F59"
-73.991692539988463,40.580719294093441,"Elevator,Electrical,Water Conservation"
-73.994577706438093,40.718427116601021,"Graffiti,Fire Safety Director - F58,Other Enforcement"
-74.128767491761764,40.608132668193718,"Root/Sewer/Sidewalk Condition,Missed Collection (All Materials),Overgrown Tree/Branches"
-73.852038707532088,40.737858547313927,"Highway Condition,Construction,Special Enforcement"
-73.943508818309979,40.617541715356616,"Root/Sewer/Sidewalk Condition,Overgrown Tree/Branches,Damaged Tree"
-73.948315382456343,40.663762301832989,"FLOORING/STAIRS,PAINT/PLASTER,UNSANITARY CONDITION"
-73.806307745932358,40.698970919965596,"Construction,Street Light Condition,Special Enforcement"
-73.894567371717429,40.661540390002074,"Street Light Condition,Overgrown Tree/Branches,Derelict Vehicles"
-74.215842058706542,40.53013724614015,"Missed Collection (All Materials),Root/Sewer/Sidewalk Condition,Overgrown Tree/Branches"
-73.792903747096872,40.59263144011323,"Construction,HEAT/HOT WATER,Special Enforcement"
-73.913673169759974,40.835135484003899,"PAINT/PLASTER,PLUMBING,UNSANITARY CONDITION"
-73.829786523128831,40.760590705233788,"Construction,Special Enforcement,Fire Safety Director - F58"
-73.93707030358766,40.845956589929614,"PAINT/PLASTER,Elevator,PLUMBING"
-73.961162890535306,40.766738191196779,"DOF Parking - Tax Exemption,Taxi Complaint,Fire Safety Director - F58"
-73.857287012224603,40.819107709907293,"Animal Abuse,UNSANITARY CONDITION,Water Conservation"
-73.956074315084237,40.602493734685815,"Root/Sewer/Sidewalk Condition,Broken Muni Meter,Overgrown Tree/Branches"
-73.887829807543142,40.849962552788206,"WATER LEAK,Graffiti,Elevator"
-74.005252306410753,40.648995177143568,"Noise - Park,Graffiti,PAINT/PLASTER"
-73.850636213178717,40.669956960679393,"Street Light Condition,Damaged Tree,Sewer"
-74.100761944387031,40.571220448227336,"Water Conservation,Dead Tree,Missed Collection (All Materials)"
-73.792411154316184,40.706962746326596,"Traffic,Street Light Condition,Construction"
-73.844791940578318,40.867905975828648,"Root/Sewer/Sidewalk Condition,Overgrown Tree/Branches,Dead Tree"
-73.985363503658434,40.767253087984699,"Fire Safety Director - F58,GENERAL,Vending"
-73.948930791138594,40.806563335733181,"General Construction/Plumbing,Graffiti,PAINT/PLASTER"
-74.006685395946207,40.677648682652766,"Street Light Condition,Street Sign - Damaged,Consumer Complaint"
-73.928221959144778,40.629061785574393,"Derelict Vehicles,Root/Sewer/Sidewalk Condition,Derelict Vehicle"
-73.814989891498726,40.672712062386807,"Street Light Condition,Construction,Overgrown Tree/Branches"
-73.889522621766233,40.835236700008842,"DOOR/WINDOW,FLOORING/STAIRS,PLUMBING"
-73.92272408458966,40.74186183954339,"Special Enforcement,Construction,Street Sign - Damaged"
-73.89529909092812,40.768632433618002,"Street Light Condition,Construction,Special Enforcement"
-74.003857347218315,40.731034885803837,"Fire Safety Director - F58,Vending,General Construction/Plumbing"
-73.86134475700041,40.730426928762803,"Special Enforcement,Construction,Snow"
-73.86527676167961,40.855446205008242,"Elevator,PAINT/PLASTER,Broken Muni Meter"
-73.943475670415438,40.832290604313393,"PAINT/PLASTER,PLUMBING,DOOR/WINDOW"
-73.779089782185892,40.778078681186081,"Special Enforcement,Construction,Street Light Condition"
-73.915801768492997,40.590420229505469,"Highway Condition,Street Condition,Derelict Vehicles"
-74.031006209664824,40.618906900171858,"Highway Condition,Overgrown Tree/Branches,Street Sign - Damaged"
-73.916723688572574,40.657693244694698,"DOOR/WINDOW,PLUMBING,FLOORING/STAIRS"
-73.736282961272053,40.676765919909798,"Construction,Dead Tree,Root/Sewer/Sidewalk Condition"
-73.893324578831638,40.729743250004667,"Derelict Vehicle,Construction,Special Enforcement"
-74.160208529040261,40.613199132129417,"Highway Condition,Root/Sewer/Sidewalk Condition,Water Conservation"
-73.788026329003287,40.848819779359609,"Overgrown Tree/Branches,Street Light Condition,Illegal Parking"
-73.849565259181531,40.832055018927015,"Special Enforcement,Graffiti,Highway Condition"
-73.926299207726188,40.614024151670073,"Root/Sewer/Sidewalk Condition,Derelict Vehicles,Consumer Complaint"
-73.981680234901432,40.684874972704257,"Dirty Conditions,Other Enforcement,Fire Safety Director - F58"
-74.006808163665113,40.610318310210346,"Traffic,Overgrown Tree/Branches,Damaged Tree"
-73.936012097756418,40.758145435522366,"Special Enforcement,Construction,Fire Safety Director - F58"
-73.9556828925286,40.736232816201849,"Special Enforcement,General Construction/Plumbing,Construction"
-73.847923352931531,40.898572302413491,"Root/Sewer/Sidewalk Condition,Overgrown Tree/Branches,Derelict Vehicle"
-73.952441067462473,40.820697127410234,"PAINT/PLASTER,Indoor Air Quality,PLUMBING"
-73.962160639665839,40.618889742007134,"Dead Tree,Damaged Tree,Snow"
-73.991279160051093,40.637427861631288,"Derelict Vehicles,Traffic Signal Condition,Street Light Condition"
-73.941731170178343,40.690473953042527,"General Construction/Plumbing,Street Light Condition,Sanitation Condition"
-73.756811403321862,40.718797614117854,"Street Light Condition,Highway Condition,Overgrown Tree/Branches"
-73.915564270085952,40.558794946007623,"Construction,Special Enforcement,Street Light Condition"
-73.808728378299222,40.762333505333174,"Construction,Special Enforcement,Building/Use"
-73.865176980802389,40.838352069150837,"Broken Muni Meter,Highway Condition,Graffiti"
-74.001624721038382,40.742780351920409,"Food Poisoning,Noise,Missed Collection (All Materials)"
-73.755515457825879,40.74378976096304,"Street Light Condition,Construction,Damaged Tree"
-73.95069210712164,40.773310535390088,"Noise,DOF Parking - Tax Exemption,Highway Condition"
-73.815684739026707,40.818729042091611,"Missed Collection (All Materials),Water Conservation,Snow"
-73.718382009465657,40.733890715483014,"Dead Tree,Overgrown Tree/Branches,Root/Sewer/Sidewalk Condition"
-73.910426393664608,40.690735749284414,"Street Light Condition,Graffiti,Electrical"
-73.759435808313768,40.679334993994367,"Root/Sewer/Sidewalk Condition,Overgrown Tree/Branches,Derelict Vehicles"
-73.993084231450112,40.75949344673603,"Fire Safety Director - F58,Air Quality,Special Projects Inspection Team (SPIT)"
-74.152613609264094,40.54837143727346,"Root/Sewer/Sidewalk Condition,Water Conservation,Overgrown Tree/Branches"
-73.892510956647925,40.6399677371503,"Dead Tree,Root/Sewer/Sidewalk Condition,Derelict Vehicles"
-73.927319723179295,40.769064276296426,"Construction,Street Light Condition,Special Enforcement"
-73.833843648890621,40.689212362930952,"Special Projects Inspection Team (SPIT),Building/Use,Construction"
-73.990632488511039,40.697126573593117,"Fire Safety Director - F58,Special Enforcement,Bridge Condition"
-73.948336846934907,40.649810186308983,"PAINT/PLASTER,DOOR/WINDOW,PLUMBING"
-73.816087879233251,40.731090355954372,"Construction,Special Enforcement,Street Light Condition"
-73.76725587326419,40.598571594673551,"Street Sign - Missing,Vacant Lot,Street Light Condition"
-73.944803450644201,40.677307687954652,"UNSANITARY CONDITION,PAINT/PLASTER,PLUMBING"
-73.901651919278819,40.828520131534958,"PAINT/PLASTER,WATER LEAK,UNSANITARY CONDITION"
-73.902641892943294,40.861349432079862,"Elevator,PAINT/PLASTER,DOOR/WINDOW"
-73.93217377069432,40.855540842239684,"PAINT/PLASTER,PLUMBING,DOOR/WINDOW"
-73.759482651848501,40.699740315087737,"Overgrown Tree/Branches,Sanitation Condition,Dirty Conditions"
-73.960479870808783,40.713665650558006,"Special Projects Inspection Team (SPIT),Missed Collection (All Materials),Street Sign - Damaged"
-73.96253599757145,40.802752062817717,"Air Quality,PLUMBING,DOOR/WINDOW"
-73.97585158481651,40.647551797401832,"PAINT/PLASTER,UNSANITARY CONDITION,Dead Tree"
-73.969706577662308,40.755043874744835,"Fire Safety Director - F58,Taxi Complaint,Air Quality"
-74.015100582215283,40.642975904902912,"Graffiti,Vending,Water System"
-73.924751794142495,40.829923258912089,"PLUMBING,UNSANITARY CONDITION,PAINT/PLASTER"
-73.968766071577093,40.582265075865486,"Broken Muni Meter,DOF Property - Reduction Issue,Sanitation Condition"
-74.161284011099369,40.632226891581631,"Water Conservation,Vacant Lot,Missed Collection (All Materials)"
-73.906700393707183,40.718168658726597,"Special Enforcement,Derelict Vehicle,Water Conservation"
-73.930159280744661,40.667858914608352,"UNSANITARY CONDITION,PLUMBING,FLOORING/STAIRS"
-73.958758729980985,40.6745247116014,"Graffiti,Electrical,Sidewalk Condition"
-74.11835730440022,40.569854643587348,"Overgrown Tree/Branches,Damaged Tree,Root/Sewer/Sidewalk Condition"
-73.908190824943972,40.615313686340372,"Air Quality,Root/Sewer/Sidewalk Condition,Derelict Vehicle"
-73.911714658773022,40.764753136770629,"Construction,Special Enforcement,Broken Muni Meter"
-73.861550016077274,40.752416359810049,"Construction,Special Enforcement,Building/Use"
-73.867929584015016,40.683495870855481,"Street Light Condition,UNSANITARY CONDITION,Overgrown Tree/Branches"
-73.937179755685932,40.801401410979551,"Elevator,Homeless Encampment,UNSANITARY CONDITION"
-73.856462217360146,40.711631917574934,"Hazardous Materials,Dead Tree,Overgrown Tree/Branches"
-73.906175285554681,40.88104848313575,"Special Enforcement,Maintenance or Facility,Broken Muni Meter"
-73.968689068159449,40.690229305679487,"Electrical,Overgrown Tree/Branches,Sidewalk Condition"
